rung,model,harness,case,tier,correct,correct_rate,closeness_det,waste,prompt_tok,completion_tok,steps,hard_fail,total_s,err
1,deepseek-v4-flash-0731,bare,fqa-contacts-close-count,cat-filter,1,1.0,0.71,0,429,25,0,0,0.838,
1,deepseek-v4-flash-0731,bare,fqa-contacts-countries,distinct-count,1,1.0,0.71,0,1256,47,0,0,0.866,
1,deepseek-v4-flash-0731,bare,fqa-contacts-out-of-touch,text-max,1,1.0,0.8,0,426,27,0,0,1.518,
1,deepseek-v4-flash-0731,bare,fqa-fin-avg-month-2024,num-avg,0,0.0,0.2,0,2776,669,0,0,27.716,
1,deepseek-v4-flash-0731,bare,fqa-fin-groceries-delta,num-multistep,0,0.0,0.2,0,1949,853,0,0,33.919,
1,deepseek-v4-flash-0731,bare,fqa-fin-peak-month-2024,temporal-max,0,0.0,0.8,0,2818,1024,0,0,43.33,
1,deepseek-v4-flash-0731,bare,fqa-fin-q1-2024,num-filter,1,1.0,0.71,0,1949,316,0,0,13.983,
1,deepseek-v4-flash-0731,bare,fqa-fin-rent-2024,num-filter,1,1.0,0.71,0,1941,305,0,0,8.976,
1,deepseek-v4-flash-0731,bare,fqa-fin-second-cat,cat-rank,0,0.0,0.8,0,1944,1024,0,0,42.534,
1,deepseek-v4-flash-0731,bare,fqa-fin-top-cat,cat-groupby,0,0.0,0.8,0,1294,682,0,0,51.514,
1,deepseek-v4-flash-0731,bare,fqa-fin-total-2024,num-aggregate,1,0.6667,0.5733,0,1941,888,0,0,19.007,
1,deepseek-v4-flash-0731,bare,fqa-fin-yoy,num-multistep,0,0.0,0.3,0,1952,1024,0,0,42.933,
1,deepseek-v4-flash-0731,bare,fqa-fit-avg-session,num-avg,0,0.0,0.3,0,1563,1024,0,0,35.761,
1,deepseek-v4-flash-0731,bare,fqa-fit-distinct-activities,distinct-count,1,1.0,0.71,0,1563,37,0,0,2.149,
1,deepseek-v4-flash-0731,bare,fqa-fit-longest,num-max,1,1.0,0.71,0,1561,235,0,0,9.052,
1,deepseek-v4-flash-0731,bare,fqa-fit-run-count,num-filter,1,1.0,0.71,0,1560,374,0,0,11.656,
1,deepseek-v4-flash-0731,bare,fqa-fit-run-km,num-filter,1,0.6667,0.4733,0,1560,415,0,0,17.503,
1,deepseek-v4-flash-0731,bare,fqa-fit-top-activity,cat-groupby,0,0.0,0.8,0,1561,1024,0,0,41.104,
1,deepseek-v4-flash-0731,bare,fqa-fit-total-distance,num-aggregate,0,0.0,0.3,0,2397,1024,0,0,43.494,
1,deepseek-v4-flash-0731,bare,fqa-fit-total-min,num-aggregate,0,0.3333,0.4367,0,1534,964,0,0,20.016,
1,deepseek-v4-flash-0731,bare,fqa-goals-most-behind,text-lookup,1,1.0,0.8,0,235,41,0,0,1.871,
1,deepseek-v4-flash-0731,bare,fqa-jrnl-apr19,text-lookup,1,1.0,0.8,0,325,112,0,0,4.434,
1,deepseek-v4-flash-0731,bare,fqa-jrnl-entries,text-count,1,1.0,0.71,0,1147,93,0,0,1.827,
1,deepseek-v4-flash-0731,bare,fqa-jrnl-kyoto,text-search,1,1.0,0.8,0,320,66,0,0,1.43,
1,deepseek-v4-flash-0731,bare,fqa-jrnl-stressed,text-count,1,1.0,0.71,0,322,31,0,0,1.231,
1,deepseek-v4-flash-0731,bare,fqa-mf-most-over-budget,mf-join-compare,0,0.0,0.8,0,2013,1024,0,0,43.467,
1,deepseek-v4-flash-0731,bare,fqa-mf-pages-british,mf-join-aggregate,1,1.0,0.71,0,449,66,0,0,1.446,
1,deepseek-v4-flash-0731,bare,fqa-mf-rent-vs-budget,mf-join-compare,1,1.0,0.71,0,2001,325,0,0,14.213,
1,deepseek-v4-flash-0731,bare,fqa-mf-run-days-minutes,mf-doc-join,1,1.0,0.71,0,1743,505,0,0,17.162,
1,deepseek-v4-flash-0731,bare,fqa-notool,no-tool,1,1.0,0.8,0,150,84,0,0,3.411,
1,deepseek-v4-flash-0731,bare,fqa-pdf-deposit,text-lookup,1,1.0,0.71,0,583,23,0,0,1.885,
1,deepseek-v4-flash-0731,bare,fqa-pdf-parking,text-lookup,1,1.0,0.71,0,1415,28,0,0,2.813,
1,deepseek-v4-flash-0731,bare,fqa-pdf-rent,text-lookup,1,1.0,0.71,0,563,36,0,0,1.869,
1,deepseek-v4-flash-0731,bare,fqa-read-avg-rating,num-avg,1,1.0,0.71,0,356,44,0,0,3.097,
1,deepseek-v4-flash-0731,bare,fqa-read-finished-count,bool-filter,1,1.0,0.71,0,325,34,0,0,1.088,
1,deepseek-v4-flash-0731,bare,fqa-read-finished-pages,num-aggregate,1,1.0,0.71,0,366,64,0,0,2.47,
1,deepseek-v4-flash-0731,bare,fqa-read-genres,distinct-count,1,1.0,0.71,0,1284,66,0,0,2.588,
1,deepseek-v4-flash-0731,bare,fqa-read-longest,text-max,1,1.0,0.8,0,384,87,0,0,3.5,
1,deepseek-v4-flash-0731,bare,fqa-read-rated5,num-filter,1,1.0,0.71,0,380,73,0,0,3.906,
1,deepseek-v4-flash-0731,bare,fqa-read-top-genre-pages,cat-groupby,1,1.0,0.8,0,387,93,0,0,4.071,
1,deepseek-v4-flash-0731,bare,fqa-read-unfinished,text-list,1,1.0,0.8,0,382,52,0,0,1.065,
1,deepseek-v4-flash-0731,bare,fqa-refusal,refusal,1,1.0,0.8,0,386,67,0,0,8.101,
1,deepseek-v4-flash-0731,bare,fqa-screen-days-over-150,num-filter,0,0.0,0.3,0,4477,1024,0,0,5.614,
1,deepseek-v4-flash-0731,bare,fqa-screen-second-app,cat-rank,0,0.3333,0.8,0,5301,358,0,0,1.805,
1,deepseek-v4-flash-0731,bare,fqa-screen-top-app,cat-groupby,0,0.0,0.8,0,4469,1024,0,0,3.566,
1,deepseek-v4-flash-0731,bare,fqa-screen-total,num-aggregate,0,0.0,0.3,0,4523,1024,0,0,6.036,
1,deepseek-v4-flash-0731,bare,fqa-sleep-at-least-8,num-filter,1,1.0,0.71,0,1661,185,0,0,0.867,
1,deepseek-v4-flash-0731,bare,fqa-sleep-avg-hours,num-avg,0,0.3333,0.4367,0,1659,1022,0,0,7.115,
1,deepseek-v4-flash-0731,bare,fqa-subs-active-cost,num-filter,0,0.0,0.3,0,173,71,0,0,3.591,
1,deepseek-v4-flash-0731,bare,fqa-subs-cheapest,text-min,0,0.0,0.8,0,979,103,0,0,2.5,
1,deepseek-v4-flash-0731,bare,fqa-subs-inactive-count,num-filter,0,0.0,0.3,0,169,98,0,0,3.597,
1,deepseek-v4-flash-0731,bare,fqa-subs-top-category,cat-groupby,0,0.0,0.8,0,177,89,0,0,3.042,
1,deepseek-v4-flash-0731,bare,fqa-trip-avg-nights,num-avg,1,1.0,0.71,0,246,71,0,0,2.333,
1,deepseek-v4-flash-0731,bare,fqa-trip-countries,distinct-count,1,1.0,0.71,0,189,37,0,0,2.833,
1,deepseek-v4-flash-0731,bare,fqa-trip-leisure-nights,cat-filter,1,1.0,0.71,0,247,122,0,0,1.982,
1,deepseek-v4-flash-0731,bare,fqa-trip-longest,text-max,1,1.0,0.8,0,1070,40,0,0,1.217,
1,deepseek-v4-flash-0731,bare,fqa-trip-total-nights,num-aggregate,1,1.0,0.71,0,225,39,0,0,1.892,
1,deepseek-v4-flash-0731,bare,fqa-xf-contacts-nights,mf-join-aggregate,1,1.0,0.71,0,1371,115,0,0,2.2,
1,deepseek-v4-flash-0731,bare,fqa-xf-contacts-visited,mf-join-filter,1,1.0,0.8,0,528,178,0,0,6.524,
1,deepseek-v4-flash-0731,bare,fqa-xf-dining-cap-months,mf-doc-join,1,1.0,0.71,0,2050,202,0,0,6.644,
1,deepseek-v4-flash-0731,bare,fqa-xf-lease-vs-spend,mf-doc-join,1,0.6667,0.5733,0,2389,747,0,0,15.334,
1,deepseek-v4-flash-0731,bare,fqa-xf-nationality-pages,mf-join-groupby,1,1.0,0.8,0,464,189,0,0,8.961,
1,deepseek-v4-flash-0731,bare,fqa-xf-run-goal,mf-doc-join,1,1.0,0.71,0,1663,940,0,0,10.802,
1,deepseek-v4-flash-0731,bare,fqa-xf-sleep-screen,mf-join-aggregate,0,0.0,0.3,0,6047,1024,0,0,33.253,
1,deepseek-v4-flash-0731,fella,fqa-contacts-close-count,cat-filter,1,1.0,0.8,0,3971,111,1,0,2.741,
1,deepseek-v4-flash-0731,fella,fqa-contacts-countries,distinct-count,1,1.0,0.8,0,4473,134,1,0,1.09,
1,deepseek-v4-flash-0731,fella,fqa-contacts-out-of-touch,text-max,1,1.0,0.8,0,4037,142,1,0,4.86,
1,deepseek-v4-flash-0731,fella,fqa-fin-avg-month-2024,num-avg,1,1.0,0.8,0,5996,334,1,0,11.422,
1,deepseek-v4-flash-0731,fella,fqa-fin-groceries-delta,num-multistep,1,1.0,0.74,0,3865,174,1,1,8.769,
1,deepseek-v4-flash-0731,fella,fqa-fin-peak-month-2024,temporal-max,1,1.0,0.8,0,4573,140,1,0,3.731,
1,deepseek-v4-flash-0731,fella,fqa-fin-q1-2024,num-filter,1,1.0,0.8,0,4029,148,1,0,11.397,
1,deepseek-v4-flash-0731,fella,fqa-fin-rent-2024,num-filter,1,1.0,0.8,0,4081,141,1,0,3.846,
1,deepseek-v4-flash-0731,fella,fqa-fin-second-cat,cat-rank,1,1.0,0.8,0,4019,142,1,0,3.294,
1,deepseek-v4-flash-0731,fella,fqa-fin-top-cat,cat-groupby,1,1.0,0.8,0,4075,123,1,0,4.409,
1,deepseek-v4-flash-0731,fella,fqa-fin-total-2024,num-aggregate,1,1.0,0.8,0,4042,125,1,0,4.035,
1,deepseek-v4-flash-0731,fella,fqa-fin-yoy,num-multistep,1,1.0,0.7407,0,3950,171,1,1,4.829,
1,deepseek-v4-flash-0731,fella,fqa-fit-avg-session,num-avg,1,1.0,0.8,0,3979,106,1,0,2.636,
1,deepseek-v4-flash-0731,fella,fqa-fit-distinct-activities,distinct-count,1,1.0,0.8,0,3995,111,1,0,7.857,
1,deepseek-v4-flash-0731,fella,fqa-fit-longest,num-max,1,1.0,0.8,0,3912,104,1,0,2.795,
1,deepseek-v4-flash-0731,fella,fqa-fit-run-count,num-filter,1,1.0,0.8,0,3976,106,1,0,2.251,
1,deepseek-v4-flash-0731,fella,fqa-fit-run-km,num-filter,1,1.0,0.8,0,4080,116,1,0,3.331,
1,deepseek-v4-flash-0731,fella,fqa-fit-top-activity,cat-groupby,1,1.0,0.8,0,4128,141,1,0,4.61,
1,deepseek-v4-flash-0731,fella,fqa-fit-total-distance,num-aggregate,1,1.0,0.8,0,4453,127,1,0,3.841,
1,deepseek-v4-flash-0731,fella,fqa-fit-total-min,num-aggregate,1,1.0,0.8,0,4061,111,1,0,4.128,
1,deepseek-v4-flash-0731,fella,fqa-goals-most-behind,text-lookup,1,1.0,0.8,0,3788,162,1,0,2.874,
1,deepseek-v4-flash-0731,fella,fqa-jrnl-apr19,text-lookup,1,1.0,0.8,0,3868,150,1,0,1.726,
1,deepseek-v4-flash-0731,fella,fqa-jrnl-entries,text-count,1,1.0,0.8,0,4227,158,1,0,1.577,
1,deepseek-v4-flash-0731,fella,fqa-jrnl-kyoto,text-search,1,1.0,0.8,0,3869,151,1,0,2.376,
1,deepseek-v4-flash-0731,fella,fqa-jrnl-stressed,text-count,1,0.6667,0.5833,0,6436,210,2,0,10.476,
1,deepseek-v4-flash-0731,fella,fqa-mf-most-over-budget,mf-join-compare,1,1.0,0.7667,0,4385,213,1,1,3.311,
1,deepseek-v4-flash-0731,fella,fqa-mf-pages-british,mf-join-aggregate,1,1.0,0.8,0,4360,170,1,0,4.235,
1,deepseek-v4-flash-0731,fella,fqa-mf-rent-vs-budget,mf-join-compare,1,1.0,0.7,0,4344,221,1,1,10.955,
1,deepseek-v4-flash-0731,fella,fqa-mf-run-days-minutes,mf-doc-join,1,1.0,0.7143,0,7293,343,2,0,8.139,
1,deepseek-v4-flash-0731,fella,fqa-notool,no-tool,1,1.0,0.8,0,1792,77,0,0,3.853,
1,deepseek-v4-flash-0731,fella,fqa-pdf-deposit,text-lookup,1,1.0,0.8,0,3874,115,1,0,0.664,
1,deepseek-v4-flash-0731,fella,fqa-pdf-parking,text-lookup,1,1.0,0.8,0,4163,111,1,0,2.627,
1,deepseek-v4-flash-0731,fella,fqa-pdf-rent,text-lookup,1,1.0,0.8,0,3641,83,1,0,3.951,
1,deepseek-v4-flash-0731,fella,fqa-read-avg-rating,num-avg,1,1.0,0.8,0,4248,125,1,0,3.362,
1,deepseek-v4-flash-0731,fella,fqa-read-finished-count,bool-filter,1,1.0,0.8,0,4204,96,1,0,4.406,
1,deepseek-v4-flash-0731,fella,fqa-read-finished-pages,num-aggregate,1,1.0,0.8,0,4169,116,1,0,3.075,
1,deepseek-v4-flash-0731,fella,fqa-read-genres,distinct-count,1,1.0,0.8,0,4624,106,1,0,2.676,
1,deepseek-v4-flash-0731,fella,fqa-read-longest,text-max,1,1.0,0.7,0,4110,117,1,1,3.521,
1,deepseek-v4-flash-0731,fella,fqa-read-rated5,num-filter,1,1.0,0.65,0,3937,91,1,1,3.329,
1,deepseek-v4-flash-0731,fella,fqa-read-top-genre-pages,cat-groupby,1,1.0,0.8,0,4243,141,1,0,6.124,
1,deepseek-v4-flash-0731,fella,fqa-read-unfinished,text-list,1,1.0,0.8,0,4086,102,1,0,4.016,
1,deepseek-v4-flash-0731,fella,fqa-refusal,refusal,1,1.0,0.8,0,1994,208,0,0,11.626,
1,deepseek-v4-flash-0731,fella,fqa-screen-days-over-150,num-filter,1,1.0,0.65,0,3883,163,1,1,1.664,
1,deepseek-v4-flash-0731,fella,fqa-screen-second-app,cat-rank,1,1.0,0.8,0,4498,163,1,0,1.846,
1,deepseek-v4-flash-0731,fella,fqa-screen-top-app,cat-groupby,1,1.0,0.8,0,3903,123,1,0,3.415,
1,deepseek-v4-flash-0731,fella,fqa-screen-total,num-aggregate,1,1.0,0.8,0,3872,83,1,0,2.056,
1,deepseek-v4-flash-0731,fella,fqa-sleep-at-least-8,num-filter,1,1.0,0.8,0,4053,134,1,0,1.261,
1,deepseek-v4-flash-0731,fella,fqa-sleep-avg-hours,num-avg,1,1.0,0.8,0,3938,110,1,0,1.764,
1,deepseek-v4-flash-0731,fella,fqa-subs-active-cost,num-filter,1,1.0,0.8,0,3960,111,1,0,2.577,
1,deepseek-v4-flash-0731,fella,fqa-subs-cheapest,text-min,1,1.0,0.8,0,4451,130,1,0,1.142,
1,deepseek-v4-flash-0731,fella,fqa-subs-inactive-count,num-filter,1,1.0,0.8,0,3916,113,1,0,4.515,
1,deepseek-v4-flash-0731,fella,fqa-subs-top-category,cat-groupby,1,1.0,0.8,0,3993,149,1,0,13.199,
1,deepseek-v4-flash-0731,fella,fqa-trip-avg-nights,num-avg,1,1.0,0.8,0,4008,119,1,0,1.953,
1,deepseek-v4-flash-0731,fella,fqa-trip-countries,distinct-count,1,1.0,0.8,0,3851,104,1,0,2.895,
1,deepseek-v4-flash-0731,fella,fqa-trip-leisure-nights,cat-filter,1,1.0,0.8,0,3889,112,1,0,3.52,
1,deepseek-v4-flash-0731,fella,fqa-trip-longest,text-max,1,1.0,0.5,0,4439,134,1,1,8.053,
1,deepseek-v4-flash-0731,fella,fqa-trip-total-nights,num-aggregate,1,1.0,0.8,0,3895,90,1,0,3.177,
1,deepseek-v4-flash-0731,fella,fqa-xf-contacts-nights,mf-join-aggregate,1,1.0,0.8,0,5695,265,1,0,6.891,
1,deepseek-v4-flash-0731,fella,fqa-xf-contacts-visited,mf-join-filter,1,1.0,0.8,0,4283,174,1,0,2.566,
1,deepseek-v4-flash-0731,fella,fqa-xf-dining-cap-months,mf-doc-join,1,1.0,0.8,0,4438,238,1,0,3.164,
1,deepseek-v4-flash-0731,fella,fqa-xf-lease-vs-spend,mf-doc-join,1,1.0,0.725,0,6649,372,2,0,22.572,
1,deepseek-v4-flash-0731,fella,fqa-xf-nationality-pages,mf-join-groupby,1,1.0,0.8,0,4606,186,1,0,2.751,
1,deepseek-v4-flash-0731,fella,fqa-xf-run-goal,mf-doc-join,1,1.0,0.7,0,4105,230,1,1,3.756,
1,deepseek-v4-flash-0731,fella,fqa-xf-sleep-screen,mf-join-aggregate,1,1.0,0.75,0,4058,200,1,1,7.494,
2,glm-5.3-flash,bare,fqa-contacts-close-count,cat-filter,1,1.0,0.71,0,341,19,0,0,0.942,
2,glm-5.3-flash,bare,fqa-contacts-countries,distinct-count,1,1.0,0.71,0,1135,25,0,0,1.238,
2,glm-5.3-flash,bare,fqa-contacts-out-of-touch,text-max,1,1.0,0.8,0,338,9,0,0,0.922,
2,glm-5.3-flash,bare,fqa-fin-avg-month-2024,num-avg,0,0.0,0.3,0,2530,1024,0,0,17.882,
2,glm-5.3-flash,bare,fqa-fin-groceries-delta,num-multistep,1,1.0,0.71,0,1736,661,0,0,6.286,
2,glm-5.3-flash,bare,fqa-fin-peak-month-2024,temporal-max,1,0.6667,0.74,0,2564,845,0,0,7.053,
2,glm-5.3-flash,bare,fqa-fin-q1-2024,num-filter,1,1.0,0.71,0,1736,393,0,0,3.116,
2,glm-5.3-flash,bare,fqa-fin-rent-2024,num-filter,1,1.0,0.71,0,1728,384,0,0,3.325,
2,glm-5.3-flash,bare,fqa-fin-second-cat,cat-rank,0,0.0,0.8,0,1730,1024,0,0,13.282,
2,glm-5.3-flash,bare,fqa-fin-top-cat,cat-groupby,1,1.0,0.8,0,1728,682,0,0,9.719,
2,glm-5.3-flash,bare,fqa-fin-total-2024,num-aggregate,0,0.0,0.3,0,1728,1024,0,0,7.814,
2,glm-5.3-flash,bare,fqa-fin-yoy,num-multistep,0,0.0,0.3,0,1739,1024,0,0,6.327,
2,glm-5.3-flash,bare,fqa-fit-avg-session,num-avg,0,0.0,0.3,0,1403,1024,0,0,8.607,
2,glm-5.3-flash,bare,fqa-fit-distinct-activities,distinct-count,1,1.0,0.71,0,1403,21,0,0,1.533,
2,glm-5.3-flash,bare,fqa-fit-longest,num-max,1,1.0,0.71,0,1401,960,0,0,6.709,
2,glm-5.3-flash,bare,fqa-fit-run-count,num-filter,1,1.0,0.71,0,1400,352,0,0,3.701,
2,glm-5.3-flash,bare,fqa-fit-run-km,num-filter,1,0.6667,0.5733,0,1400,880,0,0,5.753,
2,glm-5.3-flash,bare,fqa-fit-top-activity,cat-groupby,0,0.0,0.8,0,1401,1024,0,0,7.673,
2,glm-5.3-flash,bare,fqa-fit-total-distance,num-aggregate,0,0.0,0.3,0,2204,1024,0,0,6.774,
2,glm-5.3-flash,bare,fqa-fit-total-min,num-aggregate,0,0.0,0.3,0,1401,1024,0,0,6.436,
2,glm-5.3-flash,bare,fqa-goals-most-behind,text-lookup,1,1.0,0.8,0,196,11,0,0,0.795,
2,glm-5.3-flash,bare,fqa-jrnl-apr19,text-lookup,1,1.0,0.8,0,255,72,0,0,1.135,
2,glm-5.3-flash,bare,fqa-jrnl-entries,text-count,1,1.0,0.71,0,1044,62,0,0,3.994,
2,glm-5.3-flash,bare,fqa-jrnl-kyoto,text-search,1,1.0,0.71,0,250,66,0,0,1.358,
2,glm-5.3-flash,bare,fqa-jrnl-stressed,text-count,1,1.0,0.71,0,252,17,0,0,1.358,
2,glm-5.3-flash,bare,fqa-mf-most-over-budget,mf-join-compare,0,0.0,0.8,0,1792,1024,0,0,6.437,
2,glm-5.3-flash,bare,fqa-mf-pages-british,mf-join-aggregate,1,1.0,0.71,0,389,37,0,0,0.603,
2,glm-5.3-flash,bare,fqa-mf-rent-vs-budget,mf-join-compare,1,1.0,0.71,0,1780,273,0,0,5.379,
2,glm-5.3-flash,bare,fqa-mf-run-days-minutes,mf-doc-join,1,1.0,0.71,0,1583,245,0,0,4.479,
2,glm-5.3-flash,bare,fqa-notool,no-tool,1,1.0,0.8,0,80,200,0,0,1.864,
2,glm-5.3-flash,bare,fqa-pdf-deposit,text-lookup,1,1.0,0.71,0,523,11,0,0,0.643,
2,glm-5.3-flash,bare,fqa-pdf-parking,text-lookup,1,1.0,0.71,0,1322,19,0,0,0.836,
2,glm-5.3-flash,bare,fqa-pdf-rent,text-lookup,1,1.0,0.71,0,522,12,0,0,0.827,
2,glm-5.3-flash,bare,fqa-read-avg-rating,num-avg,1,1.0,0.71,0,306,60,0,0,1.114,
2,glm-5.3-flash,bare,fqa-read-finished-count,bool-filter,1,1.0,0.71,0,301,36,0,0,0.765,
2,glm-5.3-flash,bare,fqa-read-finished-pages,num-aggregate,1,1.0,0.71,0,308,92,0,0,2.11,
2,glm-5.3-flash,bare,fqa-read-genres,distinct-count,1,1.0,0.71,0,1172,26,0,0,0.403,
2,glm-5.3-flash,bare,fqa-read-longest,text-max,1,1.0,0.71,0,307,96,0,0,0.842,
2,glm-5.3-flash,bare,fqa-read-rated5,num-filter,1,1.0,0.71,0,303,71,0,0,0.607,
2,glm-5.3-flash,bare,fqa-read-top-genre-pages,cat-groupby,1,1.0,0.8,0,310,123,0,0,1.98,
2,glm-5.3-flash,bare,fqa-read-unfinished,text-list,1,1.0,0.8,0,305,37,0,0,2.393,
2,glm-5.3-flash,bare,fqa-refusal,refusal,0,0.0,0.71,0,309,312,0,0,6.338,
2,glm-5.3-flash,bare,fqa-screen-days-over-150,num-filter,0,0.0,0.3,0,4125,1024,0,0,8.355,
2,glm-5.3-flash,bare,fqa-screen-second-app,cat-rank,0,0.0,0.8,0,4915,1024,0,0,6.24,
2,glm-5.3-flash,bare,fqa-screen-top-app,cat-groupby,0,0.3333,0.8,0,4117,690,0,0,12.792,
2,glm-5.3-flash,bare,fqa-screen-total,num-aggregate,0,0.0,0.3,0,4119,1024,0,0,37.562,
2,glm-5.3-flash,bare,fqa-sleep-at-least-8,num-filter,1,0.6667,0.4733,0,1593,128,0,0,2.055,
2,glm-5.3-flash,bare,fqa-sleep-avg-hours,num-avg,0,0.0,0.3,0,1591,1024,0,0,8.769,
2,glm-5.3-flash,bare,fqa-subs-active-cost,num-filter,0,0.0,0.3,0,101,64,0,0,2.731,
2,glm-5.3-flash,bare,fqa-subs-cheapest,text-min,0,0.0,0.8,0,893,90,0,0,3.565,
2,glm-5.3-flash,bare,fqa-subs-inactive-count,num-filter,0,0.0,0.3,0,97,63,0,0,2.443,
2,glm-5.3-flash,bare,fqa-subs-top-category,cat-groupby,0,0.0,0.8,0,105,116,0,0,3.17,
2,glm-5.3-flash,bare,fqa-trip-avg-nights,num-avg,1,1.0,0.71,0,170,58,0,0,1.083,
2,glm-5.3-flash,bare,fqa-trip-countries,distinct-count,1,1.0,0.71,0,166,26,0,0,1.165,
2,glm-5.3-flash,bare,fqa-trip-leisure-nights,cat-filter,1,1.0,0.71,0,171,31,0,0,0.543,
2,glm-5.3-flash,bare,fqa-trip-longest,text-max,1,1.0,0.8,0,961,52,0,0,0.564,
2,glm-5.3-flash,bare,fqa-trip-total-nights,num-aggregate,1,1.0,0.71,0,168,24,0,0,0.638,
2,glm-5.3-flash,bare,fqa-xf-contacts-nights,mf-join-aggregate,1,1.0,0.71,0,1244,80,0,0,1.722,
2,glm-5.3-flash,bare,fqa-xf-contacts-visited,mf-join-filter,1,1.0,0.8,0,434,82,0,0,2.062,
2,glm-5.3-flash,bare,fqa-xf-dining-cap-months,mf-doc-join,1,1.0,0.71,0,1859,196,0,0,2.483,
2,glm-5.3-flash,bare,fqa-xf-lease-vs-spend,mf-doc-join,1,1.0,0.71,0,2205,407,0,0,10.659,
2,glm-5.3-flash,bare,fqa-xf-nationality-pages,mf-join-groupby,1,1.0,0.77,0,385,120,0,0,3.158,
2,glm-5.3-flash,bare,fqa-xf-run-goal,mf-doc-join,1,1.0,0.71,0,1525,669,0,0,7.025,
2,glm-5.3-flash,bare,fqa-xf-sleep-screen,mf-join-aggregate,0,0.0,0.3,0,5644,1024,0,0,9.601,
2,glm-5.3-flash,fella,fqa-contacts-close-count,cat-filter,1,1.0,0.8,0,3551,95,1,0,2.216,
2,glm-5.3-flash,fella,fqa-contacts-countries,distinct-count,1,1.0,0.8,0,3912,123,1,0,3.905,
2,glm-5.3-flash,fella,fqa-contacts-out-of-touch,text-max,1,1.0,0.8,0,3592,139,1,0,2.735,
2,glm-5.3-flash,fella,fqa-fin-avg-month-2024,num-avg,1,1.0,0.8,0,4117,194,1,0,4.646,
2,glm-5.3-flash,fella,fqa-fin-groceries-delta,num-multistep,1,1.0,0.74,0,3488,223,1,1,4.387,
2,glm-5.3-flash,fella,fqa-fin-peak-month-2024,temporal-max,1,1.0,0.8,0,4149,158,1,0,2.327,
2,glm-5.3-flash,fella,fqa-fin-q1-2024,num-filter,1,1.0,0.8,0,3627,142,1,0,2.91,
2,glm-5.3-flash,fella,fqa-fin-rent-2024,num-filter,1,1.0,0.8,0,3581,118,1,0,2.251,
2,glm-5.3-flash,fella,fqa-fin-second-cat,cat-rank,1,1.0,0.8,0,3601,194,1,0,3.171,
2,glm-5.3-flash,fella,fqa-fin-top-cat,cat-groupby,1,1.0,0.8,0,3607,141,1,0,2.83,
2,glm-5.3-flash,fella,fqa-fin-total-2024,num-aggregate,1,1.0,0.8,0,3552,129,1,0,4.617,
2,glm-5.3-flash,fella,fqa-fin-yoy,num-multistep,1,1.0,0.7,0,3461,213,1,1,2.377,
2,glm-5.3-flash,fella,fqa-fit-avg-session,num-avg,1,1.0,0.8,0,3574,105,1,0,1.961,
2,glm-5.3-flash,fella,fqa-fit-distinct-activities,distinct-count,1,1.0,0.8,0,3579,105,1,0,3.543,
2,glm-5.3-flash,fella,fqa-fit-longest,num-max,1,1.0,0.74,0,3603,149,1,0,2.217,
2,glm-5.3-flash,fella,fqa-fit-run-count,num-filter,1,0.6667,0.6333,0,3561,96,1,0,7.485,
2,glm-5.3-flash,fella,fqa-fit-run-km,num-filter,1,1.0,0.8,0,3572,105,1,0,2.103,
2,glm-5.3-flash,fella,fqa-fit-top-activity,cat-groupby,1,1.0,0.8,0,3627,126,1,0,2.603,
2,glm-5.3-flash,fella,fqa-fit-total-distance,num-aggregate,1,1.0,0.8,0,4023,106,1,0,3.96,
2,glm-5.3-flash,fella,fqa-fit-total-min,num-aggregate,1,1.0,0.8,0,3552,91,1,0,1.934,
2,glm-5.3-flash,fella,fqa-goals-most-behind,text-lookup,1,1.0,0.8,0,3352,347,1,0,11.371,
2,glm-5.3-flash,fella,fqa-jrnl-apr19,text-lookup,1,1.0,0.7333,0,3383,218,1,0,3.139,
2,glm-5.3-flash,fella,fqa-jrnl-entries,text-count,1,1.0,0.8,0,3764,142,1,0,3.083,
2,glm-5.3-flash,fella,fqa-jrnl-kyoto,text-search,1,1.0,0.7714,0,3427,273,1,0,2.983,
2,glm-5.3-flash,fella,fqa-jrnl-stressed,text-count,1,1.0,0.75,0,5814,436,2,0,7.925,
2,glm-5.3-flash,fella,fqa-mf-most-over-budget,mf-join-compare,1,1.0,0.7143,0,4091,235,1,1,4.549,
2,glm-5.3-flash,fella,fqa-mf-pages-british,mf-join-aggregate,1,1.0,0.8,0,4022,183,1,0,3.667,
2,glm-5.3-flash,fella,fqa-mf-rent-vs-budget,mf-join-compare,1,1.0,0.7,0,3939,227,1,1,6.284,
2,glm-5.3-flash,fella,fqa-mf-run-days-minutes,mf-doc-join,1,1.0,0.8,0,5985,407,2,0,5.327,
2,glm-5.3-flash,fella,fqa-notool,no-tool,1,1.0,0.8,0,1578,138,0,0,3.86,
2,glm-5.3-flash,fella,fqa-pdf-deposit,text-lookup,1,1.0,0.55,0,3256,46,1,1,9.494,
2,glm-5.3-flash,fella,fqa-pdf-parking,text-lookup,1,1.0,0.7,0,3666,43,1,0,11.764,
2,glm-5.3-flash,fella,fqa-pdf-rent,text-lookup,1,1.0,0.8,0,3317,93,1,0,1.827,
2,glm-5.3-flash,fella,fqa-read-avg-rating,num-avg,1,1.0,0.8,0,3770,124,1,0,2.132,
2,glm-5.3-flash,fella,fqa-read-finished-count,bool-filter,1,1.0,0.8,0,3717,94,1,0,2.011,
2,glm-5.3-flash,fella,fqa-read-finished-pages,num-aggregate,1,1.0,0.8,0,3756,119,1,0,6.95,
2,glm-5.3-flash,fella,fqa-read-genres,distinct-count,1,1.0,0.8,0,4281,99,1,0,2.264,
2,glm-5.3-flash,fella,fqa-read-longest,text-max,1,1.0,0.8,0,3755,146,1,0,2.41,
2,glm-5.3-flash,fella,fqa-read-rated5,num-filter,1,1.0,0.65,0,3611,86,1,1,3.65,
2,glm-5.3-flash,fella,fqa-read-top-genre-pages,cat-groupby,0,0.3333,0.8,0,3812,82,1,0,4.25,
2,glm-5.3-flash,fella,fqa-read-unfinished,text-list,1,1.0,0.8,0,3739,154,1,0,2.387,
2,glm-5.3-flash,fella,fqa-refusal,refusal,0,0.3333,0.8,0,3084,443,0,0,10.709,
2,glm-5.3-flash,fella,fqa-screen-days-over-150,num-filter,1,1.0,0.65,0,3445,113,1,1,2.915,
2,glm-5.3-flash,fella,fqa-screen-second-app,cat-rank,1,1.0,0.8,0,3997,140,1,0,3.312,
2,glm-5.3-flash,fella,fqa-screen-top-app,cat-groupby,1,1.0,0.8,0,3584,125,1,0,2.31,
2,glm-5.3-flash,fella,fqa-screen-total,num-aggregate,1,1.0,0.8,0,3519,92,1,0,4.984,
2,glm-5.3-flash,fella,fqa-sleep-at-least-8,num-filter,1,1.0,0.8,0,3542,101,1,0,2.383,
2,glm-5.3-flash,fella,fqa-sleep-avg-hours,num-avg,1,1.0,0.65,0,3522,86,1,1,5.385,
2,glm-5.3-flash,fella,fqa-subs-active-cost,num-filter,1,1.0,0.8,0,3563,120,1,0,2.04,
2,glm-5.3-flash,fella,fqa-subs-cheapest,text-min,1,1.0,0.75,0,3939,134,1,0,1.76,
2,glm-5.3-flash,fella,fqa-subs-inactive-count,num-filter,1,1.0,0.8,0,3528,88,1,0,2.269,
2,glm-5.3-flash,fella,fqa-subs-top-category,cat-groupby,1,1.0,0.8,0,3630,147,1,0,2.638,
2,glm-5.3-flash,fella,fqa-trip-avg-nights,num-avg,1,1.0,0.8,0,3541,112,1,0,1.784,
2,glm-5.3-flash,fella,fqa-trip-countries,distinct-count,1,1.0,0.8,0,3523,121,1,0,2.605,
2,glm-5.3-flash,fella,fqa-trip-leisure-nights,cat-filter,1,1.0,0.8,0,3552,64,1,0,11.091,
2,glm-5.3-flash,fella,fqa-trip-longest,text-max,1,1.0,0.8,0,3910,130,1,0,2.488,
2,glm-5.3-flash,fella,fqa-trip-total-nights,num-aggregate,1,1.0,0.8,0,3533,96,1,0,1.858,
2,glm-5.3-flash,fella,fqa-xf-contacts-nights,mf-join-aggregate,1,1.0,0.8,0,4313,474,1,0,10.328,
2,glm-5.3-flash,fella,fqa-xf-contacts-visited,mf-join-filter,1,1.0,0.8,0,3924,289,1,0,4.524,
2,glm-5.3-flash,fella,fqa-xf-dining-cap-months,mf-doc-join,1,1.0,0.8,0,4013,255,1,0,7.279,
2,glm-5.3-flash,fella,fqa-xf-lease-vs-spend,mf-doc-join,1,1.0,0.7167,0,4494,435,1,1,4.82,
2,glm-5.3-flash,fella,fqa-xf-nationality-pages,mf-join-groupby,1,1.0,0.8,0,4051,138,1,0,2.349,
2,glm-5.3-flash,fella,fqa-xf-run-goal,mf-doc-join,1,1.0,0.7,0,3659,189,1,1,2.976,
2,glm-5.3-flash,fella,fqa-xf-sleep-screen,mf-join-aggregate,1,1.0,0.65,0,3920,219,1,1,4.457,
3,nemotron-3.5-lightning,bare,fqa-contacts-close-count,cat-filter,1,1.0,0.71,0,363,2,0,0,1.354,
3,nemotron-3.5-lightning,bare,fqa-contacts-countries,distinct-count,1,1.0,0.71,0,1449,620,0,0,1.718,
3,nemotron-3.5-lightning,bare,fqa-contacts-out-of-touch,text-max,1,1.0,0.8,0,360,444,0,0,1.388,
3,nemotron-3.5-lightning,bare,fqa-fin-avg-month-2024,num-avg,0,0.0,0.3,0,3796,1024,0,0,3.013,
3,nemotron-3.5-lightning,bare,fqa-fin-groceries-delta,num-multistep,0,0.0,0.3,0,2712,1024,0,0,3.112,
3,nemotron-3.5-lightning,bare,fqa-fin-peak-month-2024,temporal-max,0,0.0,0.8,0,3847,1024,0,0,3.002,
3,nemotron-3.5-lightning,bare,fqa-fin-q1-2024,num-filter,0,0.0,0.3,0,2710,1024,0,0,3.435,
3,nemotron-3.5-lightning,bare,fqa-fin-rent-2024,num-filter,0,0.0,0.3,0,2702,1024,0,0,2.99,
3,nemotron-3.5-lightning,bare,fqa-fin-second-cat,cat-rank,0,0.0,0.8,0,2703,1024,0,0,3.082,
3,nemotron-3.5-lightning,bare,fqa-fin-top-cat,cat-groupby,0,0.0,0.8,0,2700,1024,0,0,2.931,
3,nemotron-3.5-lightning,bare,fqa-fin-total-2024,num-aggregate,0,0.0,0.1,0,2702,347,0,0,2.0,
3,nemotron-3.5-lightning,bare,fqa-fin-yoy,num-multistep,0,0.0,0.3,0,2715,1024,0,0,2.882,
3,nemotron-3.5-lightning,bare,fqa-fit-avg-session,num-avg,0,0.0,0.3,0,1962,1024,0,0,3.534,
3,nemotron-3.5-lightning,bare,fqa-fit-distinct-activities,distinct-count,0,0.0,0.3,0,1961,1024,0,0,3.783,
3,nemotron-3.5-lightning,bare,fqa-fit-longest,num-max,0,0.0,0.3,0,1959,1024,0,0,3.004,
3,nemotron-3.5-lightning,bare,fqa-fit-run-count,num-filter,0,0.0,0.3,0,1958,1024,0,0,3.042,
3,nemotron-3.5-lightning,bare,fqa-fit-run-km,num-filter,0,0.0,0.3,0,1958,1024,0,0,2.849,
3,nemotron-3.5-lightning,bare,fqa-fit-top-activity,cat-groupby,0,0.0,0.8,0,1959,1024,0,0,2.674,
3,nemotron-3.5-lightning,bare,fqa-fit-total-distance,num-aggregate,0,0.0,0.3,0,3054,1024,0,0,3.855,
3,nemotron-3.5-lightning,bare,fqa-fit-total-min,num-aggregate,0,0.0,0.3,0,1959,1024,0,0,2.631,
3,nemotron-3.5-lightning,bare,fqa-goals-most-behind,text-lookup,1,1.0,0.8,0,204,273,0,0,0.882,
3,nemotron-3.5-lightning,bare,fqa-jrnl-apr19,text-lookup,1,1.0,0.8,0,290,403,0,0,1.199,
3,nemotron-3.5-lightning,bare,fqa-jrnl-entries,text-count,1,1.0,0.71,0,1367,210,0,0,1.062,
3,nemotron-3.5-lightning,bare,fqa-jrnl-kyoto,text-search,1,1.0,0.8,0,281,420,0,0,2.607,
3,nemotron-3.5-lightning,bare,fqa-jrnl-stressed,text-count,1,1.0,0.71,0,283,115,0,0,1.53,
3,nemotron-3.5-lightning,bare,fqa-mf-most-over-budget,mf-join-compare,0,0.0,0.8,0,2784,1024,0,0,2.698,
3,nemotron-3.5-lightning,bare,fqa-mf-pages-british,mf-join-aggregate,0,0.3333,0.2367,0,438,309,0,0,1.655,
3,nemotron-3.5-lightning,bare,fqa-mf-rent-vs-budget,mf-join-compare,0,0.0,0.3,0,2771,1024,0,0,2.872,
3,nemotron-3.5-lightning,bare,fqa-mf-run-days-minutes,mf-doc-join,0,0.0,0.3,0,2169,1024,0,0,2.635,
3,nemotron-3.5-lightning,bare,fqa-notool,no-tool,1,1.0,0.8,0,84,316,0,0,2.25,
3,nemotron-3.5-lightning,bare,fqa-pdf-deposit,text-lookup,1,0.6667,0.5733,0,605,345,0,0,2.187,
3,nemotron-3.5-lightning,bare,fqa-pdf-parking,text-lookup,1,1.0,0.71,0,1696,355,0,0,1.297,
3,nemotron-3.5-lightning,bare,fqa-pdf-rent,text-lookup,1,1.0,0.71,0,604,315,0,0,2.119,
3,nemotron-3.5-lightning,bare,fqa-read-avg-rating,num-avg,0,0.3333,0.71,0,354,4,0,0,1.686,
3,nemotron-3.5-lightning,bare,fqa-read-finished-count,bool-filter,0,0.3333,0.2367,0,349,194,0,0,1.453,
3,nemotron-3.5-lightning,bare,fqa-read-finished-pages,num-aggregate,1,1.0,0.71,0,356,785,0,0,2.132,
3,nemotron-3.5-lightning,bare,fqa-read-genres,distinct-count,0,0.0,0.0,0,1513,2,0,0,1.566,
3,nemotron-3.5-lightning,bare,fqa-read-longest,text-max,1,1.0,0.71,0,355,258,0,0,1.691,
3,nemotron-3.5-lightning,bare,fqa-read-rated5,num-filter,1,0.6667,0.4733,0,351,230,0,0,1.574,
3,nemotron-3.5-lightning,bare,fqa-read-top-genre-pages,cat-groupby,1,0.6667,0.8,0,358,859,0,0,2.356,
3,nemotron-3.5-lightning,bare,fqa-read-unfinished,text-list,1,1.0,0.8,0,353,606,0,0,2.248,
3,nemotron-3.5-lightning,bare,fqa-refusal,refusal,0,0.0,0.77,0,357,683,0,0,2.294,
3,nemotron-3.5-lightning,bare,fqa-screen-days-over-150,num-filter,0,0.0,0.0,0,6299,3,0,0,0.837,
3,nemotron-3.5-lightning,bare,fqa-screen-second-app,cat-rank,0,0.3333,0.74,0,7380,11,0,0,1.171,
3,nemotron-3.5-lightning,bare,fqa-screen-top-app,cat-groupby,1,1.0,0.71,0,6289,6,0,0,2.273,
3,nemotron-3.5-lightning,bare,fqa-screen-total,num-aggregate,0,0.0,0.1,0,6291,344,0,0,1.969,
3,nemotron-3.5-lightning,bare,fqa-sleep-at-least-8,num-filter,0,0.0,0.3,0,1835,1024,0,0,2.649,
3,nemotron-3.5-lightning,bare,fqa-sleep-avg-hours,num-avg,0,0.3333,0.5733,0,1834,344,0,0,2.343,
3,nemotron-3.5-lightning,bare,fqa-subs-active-cost,num-filter,0,0.0,0.2,0,108,542,0,0,2.482,
3,nemotron-3.5-lightning,bare,fqa-subs-cheapest,text-min,0,0.0,0.8,0,1193,738,0,0,2.206,
3,nemotron-3.5-lightning,bare,fqa-subs-inactive-count,num-filter,0,0.0,0.2,0,104,519,0,0,2.183,
3,nemotron-3.5-lightning,bare,fqa-subs-top-category,cat-groupby,1,0.6667,0.8,0,112,222,0,0,2.354,
3,nemotron-3.5-lightning,bare,fqa-trip-avg-nights,num-avg,1,0.6667,0.5733,0,178,354,0,0,2.742,
3,nemotron-3.5-lightning,bare,fqa-trip-countries,distinct-count,1,1.0,0.71,0,174,389,0,0,1.101,
3,nemotron-3.5-lightning,bare,fqa-trip-leisure-nights,cat-filter,1,0.6667,0.4733,0,179,252,0,0,1.296,
3,nemotron-3.5-lightning,bare,fqa-trip-longest,text-max,1,0.6667,0.77,0,1261,566,0,0,2.822,
3,nemotron-3.5-lightning,bare,fqa-trip-total-nights,num-aggregate,1,0.6667,0.4733,0,176,249,0,0,1.269,
3,nemotron-3.5-lightning,bare,fqa-xf-contacts-nights,mf-join-aggregate,0,0.0,0.1,0,1562,343,0,0,2.276,
3,nemotron-3.5-lightning,bare,fqa-xf-contacts-visited,mf-join-filter,1,0.6667,0.8,0,460,670,0,0,3.804,
3,nemotron-3.5-lightning,bare,fqa-xf-dining-cap-months,mf-doc-join,0,0.0,0.0,0,2837,2,0,0,1.741,
3,nemotron-3.5-lightning,bare,fqa-xf-lease-vs-spend,mf-doc-join,0,0.0,0.1,0,3257,347,0,0,1.698,
3,nemotron-3.5-lightning,bare,fqa-xf-nationality-pages,mf-join-groupby,1,1.0,0.71,0,434,7,0,0,1.244,
3,nemotron-3.5-lightning,bare,fqa-xf-run-goal,mf-doc-join,0,0.0,0.2,0,2088,684,0,0,3.534,
3,nemotron-3.5-lightning,bare,fqa-xf-sleep-screen,mf-join-aggregate,0,0.0,0.2,0,8055,684,0,0,2.716,
4,gemma4:31b,bare,fqa-contacts-close-count,cat-filter,1,1.0,0.71,0,401,2,0,0,0.388,
4,gemma4:31b,bare,fqa-contacts-countries,distinct-count,1,1.0,0.71,0,1493,2,0,0,0.423,
4,gemma4:31b,bare,fqa-contacts-out-of-touch,text-max,1,1.0,0.8,0,398,3,0,0,0.364,
4,gemma4:31b,bare,fqa-fin-avg-month-2024,num-avg,0,0.0,0.0,0,3759,8,0,0,0.48,
4,gemma4:31b,bare,fqa-fin-groceries-delta,num-multistep,0,0.0,0.0,0,2669,8,0,0,0.394,
4,gemma4:31b,bare,fqa-fin-peak-month-2024,temporal-max,1,1.0,0.71,0,3809,11,0,0,0.796,
4,gemma4:31b,bare,fqa-fin-q1-2024,num-filter,0,0.0,0.0,0,2667,8,0,0,0.441,
4,gemma4:31b,bare,fqa-fin-rent-2024,num-filter,0,0.0,0.0,0,2659,9,0,0,0.41,
4,gemma4:31b,bare,fqa-fin-second-cat,cat-rank,1,1.0,0.8,0,2659,3,0,0,0.352,
4,gemma4:31b,bare,fqa-fin-top-cat,cat-groupby,1,1.0,0.8,0,2657,2,0,0,0.39,
4,gemma4:31b,bare,fqa-fin-total-2024,num-aggregate,0,0.3333,0.2367,0,2659,9,0,0,0.476,
4,gemma4:31b,bare,fqa-fin-yoy,num-multistep,0,0.0,0.0,0,2672,11,0,0,0.45,
4,gemma4:31b,bare,fqa-fit-avg-session,num-avg,0,0.0,0.0,0,1949,6,0,0,0.421,
4,gemma4:31b,bare,fqa-fit-distinct-activities,distinct-count,0,0.0,0.0,0,1949,2,0,0,0.522,
4,gemma4:31b,bare,fqa-fit-longest,num-max,1,1.0,0.71,0,1947,3,0,0,0.47,
4,gemma4:31b,bare,fqa-fit-run-count,num-filter,0,0.0,0.0,0,1946,3,0,0,0.598,
4,gemma4:31b,bare,fqa-fit-run-km,num-filter,0,0.0,0.0,0,1946,6,0,0,0.372,
4,gemma4:31b,bare,fqa-fit-top-activity,cat-groupby,1,1.0,0.8,0,1947,2,0,0,0.382,
4,gemma4:31b,bare,fqa-fit-total-distance,num-aggregate,0,0.0,0.0,0,3048,6,0,0,0.43,
4,gemma4:31b,bare,fqa-fit-total-min,num-aggregate,0,0.0,0.0,0,1947,5,0,0,0.49,
4,gemma4:31b,bare,fqa-goals-most-behind,text-lookup,1,1.0,0.8,0,213,2,0,0,0.459,
4,gemma4:31b,bare,fqa-jrnl-apr19,text-lookup,1,1.0,0.8,0,298,17,0,0,0.452,
4,gemma4:31b,bare,fqa-jrnl-entries,text-count,1,1.0,0.71,0,1381,2,0,0,0.395,
4,gemma4:31b,bare,fqa-jrnl-kyoto,text-search,1,1.0,0.8,0,289,2,0,0,0.418,
4,gemma4:31b,bare,fqa-jrnl-stressed,text-count,1,1.0,0.71,0,291,2,0,0,0.469,
4,gemma4:31b,bare,fqa-mf-most-over-budget,mf-join-compare,0,0.0,0.8,0,2742,3,0,0,0.573,
4,gemma4:31b,bare,fqa-mf-pages-british,mf-join-aggregate,0,0.0,0.0,0,435,4,0,0,1.19,
4,gemma4:31b,bare,fqa-mf-rent-vs-budget,mf-join-compare,0,0.0,0.0,0,2729,11,0,0,0.556,
4,gemma4:31b,bare,fqa-mf-run-days-minutes,mf-doc-join,0,0.0,0.0,0,2163,4,0,0,0.467,
4,gemma4:31b,bare,fqa-notool,no-tool,1,1.0,0.8,0,86,10,0,0,0.375,
4,gemma4:31b,bare,fqa-pdf-deposit,text-lookup,1,1.0,0.71,0,603,6,0,0,0.379,
4,gemma4:31b,bare,fqa-pdf-parking,text-lookup,1,1.0,0.71,0,1700,3,0,0,0.466,
4,gemma4:31b,bare,fqa-pdf-rent,text-lookup,1,1.0,0.71,0,602,6,0,0,0.778,
4,gemma4:31b,bare,fqa-read-avg-rating,num-avg,1,1.0,0.71,0,355,4,0,0,0.371,
4,gemma4:31b,bare,fqa-read-finished-count,bool-filter,1,1.0,0.71,0,349,2,0,0,0.352,
4,gemma4:31b,bare,fqa-read-finished-pages,num-aggregate,0,0.0,0.0,0,356,5,0,0,0.386,
4,gemma4:31b,bare,fqa-read-genres,distinct-count,1,1.0,0.71,0,1514,2,0,0,0.388,
4,gemma4:31b,bare,fqa-read-longest,text-max,1,1.0,0.8,0,355,6,0,0,0.424,
4,gemma4:31b,bare,fqa-read-rated5,num-filter,1,1.0,0.71,0,351,2,0,0,0.582,
4,gemma4:31b,bare,fqa-read-top-genre-pages,cat-groupby,0,0.0,0.8,0,358,3,0,0,0.428,
4,gemma4:31b,bare,fqa-read-unfinished,text-list,1,1.0,0.8,0,353,13,0,0,0.424,
4,gemma4:31b,bare,fqa-refusal,refusal,1,1.0,0.8,0,357,9,0,0,0.403,
4,gemma4:31b,bare,fqa-screen-days-over-150,num-filter,0,0.0,0.0,0,6245,3,0,0,0.372,
4,gemma4:31b,bare,fqa-screen-second-app,cat-rank,1,1.0,0.8,0,7333,2,0,0,0.487,
4,gemma4:31b,bare,fqa-screen-top-app,cat-groupby,1,1.0,0.8,0,6235,2,0,0,0.476,
4,gemma4:31b,bare,fqa-screen-total,num-aggregate,0,0.0,0.0,0,6237,6,0,0,0.662,
4,gemma4:31b,bare,fqa-sleep-at-least-8,num-filter,0,0.0,0.0,0,1900,3,0,0,0.373,
4,gemma4:31b,bare,fqa-sleep-avg-hours,num-avg,0,0.0,0.71,0,1898,5,0,0,0.435,
4,gemma4:31b,bare,fqa-subs-active-cost,num-filter,0,0.0,0.3,0,112,9,0,0,0.451,
4,gemma4:31b,bare,fqa-subs-cheapest,text-min,0,0.0,0.8,0,1202,9,0,0,0.439,
4,gemma4:31b,bare,fqa-subs-inactive-count,num-filter,0,0.0,0.3,0,108,8,0,0,0.493,
4,gemma4:31b,bare,fqa-subs-top-category,cat-groupby,0,0.0,0.8,0,116,8,0,0,0.424,
4,gemma4:31b,bare,fqa-trip-avg-nights,num-avg,1,1.0,0.71,0,180,5,0,0,0.492,
4,gemma4:31b,bare,fqa-trip-countries,distinct-count,1,1.0,0.71,0,176,2,0,0,0.363,
4,gemma4:31b,bare,fqa-trip-leisure-nights,cat-filter,1,1.0,0.71,0,181,3,0,0,0.333,
4,gemma4:31b,bare,fqa-trip-longest,text-max,1,1.0,0.8,0,1269,5,0,0,0.389,
4,gemma4:31b,bare,fqa-trip-total-nights,num-aggregate,1,1.0,0.71,0,178,3,0,0,0.348,
4,gemma4:31b,bare,fqa-xf-contacts-nights,mf-join-aggregate,0,0.0,0.0,0,1608,3,0,0,0.481,
4,gemma4:31b,bare,fqa-xf-contacts-visited,mf-join-filter,1,1.0,0.8,0,500,10,0,0,0.363,
4,gemma4:31b,bare,fqa-xf-dining-cap-months,mf-doc-join,1,1.0,0.71,0,2805,3,0,0,0.376,
4,gemma4:31b,bare,fqa-xf-lease-vs-spend,mf-doc-join,0,0.0,0.0,0,3211,9,0,0,0.482,
4,gemma4:31b,bare,fqa-xf-nationality-pages,mf-join-groupby,1,1.0,0.8,0,431,2,0,0,0.75,
4,gemma4:31b,bare,fqa-xf-run-goal,mf-doc-join,0,0.0,0.0,0,2084,6,0,0,0.399,
4,gemma4:31b,bare,fqa-xf-sleep-screen,mf-join-aggregate,0,0.0,0.0,0,8066,7,0,0,0.522,
4,gemma4:31b,fella,fqa-contacts-close-count,cat-filter,1,1.0,0.8,0,3365,66,1,0,3.542,
4,gemma4:31b,fella,fqa-contacts-countries,distinct-count,1,1.0,0.8,0,3783,60,1,0,3.514,
4,gemma4:31b,fella,fqa-contacts-out-of-touch,text-max,1,1.0,0.8,0,3429,101,1,0,1.23,
4,gemma4:31b,fella,fqa-fin-avg-month-2024,num-avg,1,1.0,0.8,0,3840,114,1,0,1.173,
4,gemma4:31b,fella,fqa-fin-groceries-delta,num-multistep,1,1.0,0.74,0,3337,132,1,1,1.256,
4,gemma4:31b,fella,fqa-fin-peak-month-2024,temporal-max,1,1.0,0.74,0,4112,129,1,0,1.215,
4,gemma4:31b,fella,fqa-fin-q1-2024,num-filter,1,1.0,0.8,0,3515,110,1,0,1.363,
4,gemma4:31b,fella,fqa-fin-rent-2024,num-filter,1,1.0,0.8,0,3482,107,1,0,1.13,
4,gemma4:31b,fella,fqa-fin-second-cat,cat-rank,1,1.0,0.8,0,3444,100,1,0,1.164,
4,gemma4:31b,fella,fqa-fin-top-cat,cat-groupby,1,1.0,0.8,0,3427,95,1,0,1.16,
4,gemma4:31b,fella,fqa-fin-total-2024,num-aggregate,1,1.0,0.8,0,3437,90,1,0,1.516,
4,gemma4:31b,fella,fqa-fin-yoy,num-multistep,1,1.0,0.7,0,3320,101,1,1,3.835,
4,gemma4:31b,fella,fqa-fit-avg-session,num-avg,1,1.0,0.8,0,3416,62,1,0,1.005,
4,gemma4:31b,fella,fqa-fit-distinct-activities,distinct-count,1,1.0,0.8,0,3417,66,1,0,1.285,
4,gemma4:31b,fella,fqa-fit-longest,num-max,1,1.0,0.725,0,3451,89,1,0,1.292,
4,gemma4:31b,fella,fqa-fit-run-count,num-filter,1,1.0,0.8,0,3405,68,1,0,1.224,
4,gemma4:31b,fella,fqa-fit-run-km,num-filter,1,1.0,0.8,0,3437,76,1,0,3.803,
4,gemma4:31b,fella,fqa-fit-top-activity,cat-groupby,1,1.0,0.8,0,3458,93,1,0,1.371,
4,gemma4:31b,fella,fqa-fit-total-distance,num-aggregate,1,1.0,0.8,0,3971,89,1,0,1.183,
4,gemma4:31b,fella,fqa-fit-total-min,num-aggregate,1,1.0,0.8,0,3397,64,1,0,1.319,
4,gemma4:31b,fella,fqa-goals-most-behind,text-lookup,1,1.0,0.8,0,3154,61,1,0,1.034,
4,gemma4:31b,fella,fqa-jrnl-apr19,text-lookup,1,1.0,0.6,0,3120,101,1,0,1.225,
4,gemma4:31b,fella,fqa-jrnl-entries,text-count,1,1.0,0.8,0,3645,55,1,0,1.111,
4,gemma4:31b,fella,fqa-jrnl-kyoto,text-search,1,1.0,0.65,0,3112,83,1,0,1.132,
4,gemma4:31b,fella,fqa-jrnl-stressed,text-count,1,1.0,0.8,0,4279,77,1,0,1.326,
4,gemma4:31b,fella,fqa-mf-most-over-budget,mf-join-compare,1,1.0,0.8,0,3901,166,1,0,1.37,
4,gemma4:31b,fella,fqa-mf-pages-british,mf-join-aggregate,1,1.0,0.8,0,3869,93,1,0,1.092,
4,gemma4:31b,fella,fqa-mf-rent-vs-budget,mf-join-compare,1,1.0,0.8,0,3885,157,1,0,1.5,
4,gemma4:31b,fella,fqa-mf-run-days-minutes,mf-doc-join,1,1.0,0.8,0,5769,132,2,0,2.34,
4,gemma4:31b,fella,fqa-notool,no-tool,1,1.0,0.8,0,1462,42,0,0,0.86,
4,gemma4:31b,fella,fqa-pdf-deposit,text-lookup,1,1.0,0.8,0,3122,58,1,0,3.413,
4,gemma4:31b,fella,fqa-pdf-parking,text-lookup,1,1.0,0.8,0,3553,60,1,0,1.071,
4,gemma4:31b,fella,fqa-pdf-rent,text-lookup,1,1.0,0.8,0,3120,58,1,0,0.918,
4,gemma4:31b,fella,fqa-read-avg-rating,num-avg,1,1.0,0.8,0,3601,77,1,0,1.331,
4,gemma4:31b,fella,fqa-read-finished-count,bool-filter,1,1.0,0.8,0,3551,62,1,0,1.056,
4,gemma4:31b,fella,fqa-read-finished-pages,num-aggregate,1,1.0,0.8,0,3603,81,1,0,3.645,
4,gemma4:31b,fella,fqa-read-genres,distinct-count,1,1.0,0.8,0,4172,65,1,0,1.191,
4,gemma4:31b,fella,fqa-read-longest,text-max,1,1.0,0.8,0,3591,79,1,0,1.286,
4,gemma4:31b,fella,fqa-read-rated5,num-filter,1,1.0,0.65,0,3427,63,1,1,3.497,
4,gemma4:31b,fella,fqa-read-top-genre-pages,cat-groupby,1,1.0,0.8,0,3661,100,1,0,1.168,
4,gemma4:31b,fella,fqa-read-unfinished,text-list,1,1.0,0.8,0,3578,80,1,0,1.136,
4,gemma4:31b,fella,fqa-refusal,refusal,1,1.0,0.8,0,1776,28,0,0,0.618,
4,gemma4:31b,fella,fqa-screen-days-over-150,num-filter,1,1.0,0.65,0,3275,99,1,1,3.558,
4,gemma4:31b,fella,fqa-screen-second-app,cat-rank,1,1.0,0.8,0,3939,100,1,0,1.196,
4,gemma4:31b,fella,fqa-screen-top-app,cat-groupby,1,1.0,0.8,0,3411,98,1,0,1.301,
4,gemma4:31b,fella,fqa-screen-total,num-aggregate,1,1.0,0.8,0,3366,74,1,0,3.737,
4,gemma4:31b,fella,fqa-sleep-at-least-8,num-filter,1,1.0,0.8,0,3362,72,1,0,1.072,
4,gemma4:31b,fella,fqa-sleep-avg-hours,num-avg,1,1.0,0.8,0,3353,62,1,0,3.496,
4,gemma4:31b,fella,fqa-subs-active-cost,num-filter,1,1.0,0.8,0,3397,77,1,0,1.025,
4,gemma4:31b,fella,fqa-subs-cheapest,text-min,1,1.0,0.8,0,3825,84,1,0,3.59,
4,gemma4:31b,fella,fqa-subs-inactive-count,num-filter,1,1.0,0.8,0,3347,61,1,0,1.01,
4,gemma4:31b,fella,fqa-subs-top-category,cat-groupby,1,1.0,0.8,0,3458,102,1,0,1.248,
4,gemma4:31b,fella,fqa-trip-avg-nights,num-avg,1,1.0,0.8,0,3337,62,1,0,3.719,
4,gemma4:31b,fella,fqa-trip-countries,distinct-count,1,1.0,0.8,0,3318,63,1,0,1.21,
4,gemma4:31b,fella,fqa-trip-leisure-nights,cat-filter,1,1.0,0.8,0,3365,73,1,0,1.101,
4,gemma4:31b,fella,fqa-trip-longest,text-max,1,1.0,0.8,0,3764,73,1,0,1.305,
4,gemma4:31b,fella,fqa-trip-total-nights,num-aggregate,1,1.0,0.8,0,3329,68,1,0,1.322,
4,gemma4:31b,fella,fqa-xf-contacts-nights,mf-join-aggregate,1,1.0,0.8,0,4160,88,1,0,3.715,
4,gemma4:31b,fella,fqa-xf-contacts-visited,mf-join-filter,1,1.0,0.8,0,3771,115,1,0,1.535,
4,gemma4:31b,fella,fqa-xf-dining-cap-months,mf-doc-join,1,1.0,0.8,0,6073,165,2,0,1.699,
4,gemma4:31b,fella,fqa-xf-lease-vs-spend,mf-doc-join,1,1.0,0.7,0,5300,180,2,1,1.853,
4,gemma4:31b,fella,fqa-xf-nationality-pages,mf-join-groupby,1,1.0,0.8,0,3887,108,1,0,1.429,
4,gemma4:31b,fella,fqa-xf-run-goal,mf-doc-join,1,1.0,0.65,0,5258,140,2,1,1.774,
4,gemma4:31b,fella,fqa-xf-sleep-screen,mf-join-aggregate,1,1.0,0.8,0,3832,130,1,0,1.241,
5,gpt-5.6-luna,bare,fqa-contacts-close-count,cat-filter,1,1.0,0.71,0,333,5,0,0,2.139,
5,gpt-5.6-luna,bare,fqa-contacts-countries,distinct-count,1,1.0,0.71,0,1112,5,0,0,3.313,
5,gpt-5.6-luna,bare,fqa-contacts-out-of-touch,text-max,1,1.0,0.8,0,330,6,0,0,1.132,
5,gpt-5.6-luna,bare,fqa-fin-avg-month-2024,num-avg,0,0.0,0.1,0,1658,6,0,0,8.804,
5,gpt-5.6-luna,bare,fqa-fin-groceries-delta,num-multistep,0,0.0,0.0,0,1708,11,0,0,3.292,
5,gpt-5.6-luna,bare,fqa-fin-peak-month-2024,temporal-max,1,1.0,0.71,0,2521,8,0,0,2.502,
5,gpt-5.6-luna,bare,fqa-fin-q1-2024,num-filter,0,0.0,0.0,0,1708,10,0,0,2.286,
5,gpt-5.6-luna,bare,fqa-fin-rent-2024,num-filter,0,0.0,0.0,0,1700,9,0,0,1.048,
5,gpt-5.6-luna,bare,fqa-fin-second-cat,cat-rank,1,1.0,0.8,0,1702,6,0,0,2.397,
5,gpt-5.6-luna,bare,fqa-fin-top-cat,cat-groupby,1,1.0,0.8,0,1700,5,0,0,0.797,
5,gpt-5.6-luna,bare,fqa-fin-total-2024,num-aggregate,0,0.0,0.0,0,1700,10,0,0,0.819,
5,gpt-5.6-luna,bare,fqa-fin-yoy,num-multistep,0,0.0,0.0,0,1711,19,0,0,1.263,
5,gpt-5.6-luna,bare,fqa-fit-avg-session,num-avg,0,0.3333,0.2367,0,1400,8,0,0,1.435,
5,gpt-5.6-luna,bare,fqa-fit-distinct-activities,distinct-count,0,0.0,0.0,0,1400,5,0,0,4.132,
5,gpt-5.6-luna,bare,fqa-fit-longest,num-max,1,1.0,0.71,0,1398,5,0,0,3.14,
5,gpt-5.6-luna,bare,fqa-fit-run-count,num-filter,0,0.0,0.0,0,1397,5,0,0,2.753,
5,gpt-5.6-luna,bare,fqa-fit-run-km,num-filter,0,0.0,0.0,0,1397,8,0,0,1.18,
5,gpt-5.6-luna,bare,fqa-fit-top-activity,cat-groupby,1,1.0,0.8,0,1398,5,0,0,0.997,
5,gpt-5.6-luna,bare,fqa-fit-total-distance,num-aggregate,0,0.0,0.0,0,2186,8,0,0,2.222,
5,gpt-5.6-luna,bare,fqa-fit-total-min,num-aggregate,0,0.0,0.0,0,1398,7,0,0,0.944,
5,gpt-5.6-luna,bare,fqa-goals-most-behind,text-lookup,1,1.0,0.8,0,191,5,0,0,2.829,
5,gpt-5.6-luna,bare,fqa-jrnl-apr19,text-lookup,1,1.0,0.8,0,250,20,0,0,2.967,
5,gpt-5.6-luna,bare,fqa-jrnl-entries,text-count,1,1.0,0.71,0,1024,5,0,0,2.832,
5,gpt-5.6-luna,bare,fqa-jrnl-kyoto,text-search,1,1.0,0.8,0,245,5,0,0,2.911,
5,gpt-5.6-luna,bare,fqa-jrnl-stressed,text-count,1,1.0,0.71,0,247,5,0,0,1.499,
5,gpt-5.6-luna,bare,fqa-mf-most-over-budget,mf-join-compare,1,1.0,0.8,0,1764,5,0,0,2.967,
5,gpt-5.6-luna,bare,fqa-mf-pages-british,mf-join-aggregate,1,1.0,0.71,0,369,5,0,0,2.921,
5,gpt-5.6-luna,bare,fqa-mf-rent-vs-budget,mf-join-compare,0,0.0,0.0,0,1752,12,0,0,2.408,
5,gpt-5.6-luna,bare,fqa-mf-run-days-minutes,mf-doc-join,0,0.0,0.0,0,1579,5,0,0,3.16,
5,gpt-5.6-luna,bare,fqa-notool,no-tool,1,1.0,0.8,0,76,11,0,0,2.347,
5,gpt-5.6-luna,bare,fqa-pdf-deposit,text-lookup,1,1.0,0.71,0,497,7,0,0,3.024,
5,gpt-5.6-luna,bare,fqa-pdf-parking,text-lookup,1,1.0,0.71,0,1281,5,0,0,2.835,
5,gpt-5.6-luna,bare,fqa-pdf-rent,text-lookup,1,1.0,0.71,0,496,7,0,0,1.56,
5,gpt-5.6-luna,bare,fqa-read-avg-rating,num-avg,1,1.0,0.71,0,292,7,0,0,1.928,
5,gpt-5.6-luna,bare,fqa-read-finished-count,bool-filter,0,0.3333,0.4367,0,96,1,0,0,14.01,
5,gpt-5.6-luna,bare,fqa-read-finished-pages,num-aggregate,1,1.0,0.71,0,295,6,0,0,3.211,
5,gpt-5.6-luna,bare,fqa-read-genres,distinct-count,1,1.0,0.71,0,1137,5,0,0,2.984,
5,gpt-5.6-luna,bare,fqa-read-longest,text-max,1,1.0,0.77,0,294,10,0,0,2.369,
5,gpt-5.6-luna,bare,fqa-read-rated5,num-filter,1,1.0,0.71,0,290,5,0,0,3.105,
5,gpt-5.6-luna,bare,fqa-read-top-genre-pages,cat-groupby,1,0.6667,0.8,0,297,6,0,0,3.142,
5,gpt-5.6-luna,bare,fqa-read-unfinished,text-list,1,1.0,0.8,0,292,16,0,0,2.895,
5,gpt-5.6-luna,bare,fqa-refusal,refusal,1,1.0,0.8,0,296,8,0,0,3.247,
5,gpt-5.6-luna,bare,fqa-screen-days-over-150,num-filter,0,0.0,0.0,0,4121,5,0,0,2.794,
5,gpt-5.6-luna,bare,fqa-screen-second-app,cat-rank,1,1.0,0.8,0,4896,5,0,0,2.87,
5,gpt-5.6-luna,bare,fqa-screen-top-app,cat-groupby,1,1.0,0.8,0,4113,5,0,0,3.04,
5,gpt-5.6-luna,bare,fqa-screen-total,num-aggregate,0,0.0,0.0,0,4115,7,0,0,3.031,
5,gpt-5.6-luna,bare,fqa-sleep-at-least-8,num-filter,0,0.0,0.0,0,1589,5,0,0,3.066,
5,gpt-5.6-luna,bare,fqa-sleep-avg-hours,num-avg,1,1.0,0.71,0,1587,8,0,0,4.135,
5,gpt-5.6-luna,bare,fqa-subs-active-cost,num-filter,0,0.0,0.3,0,97,13,0,0,2.916,
5,gpt-5.6-luna,bare,fqa-subs-cheapest,text-min,0,0.0,0.8,0,874,13,0,0,2.475,
5,gpt-5.6-luna,bare,fqa-subs-inactive-count,num-filter,0,0.0,0.3,0,93,12,0,0,3.06,
5,gpt-5.6-luna,bare,fqa-subs-top-category,cat-groupby,0,0.0,0.8,0,101,12,0,0,2.877,
5,gpt-5.6-luna,bare,fqa-trip-avg-nights,num-avg,1,1.0,0.71,0,163,8,0,0,2.319,
5,gpt-5.6-luna,bare,fqa-trip-countries,distinct-count,1,1.0,0.71,0,159,5,0,0,3.841,
5,gpt-5.6-luna,bare,fqa-trip-leisure-nights,cat-filter,1,1.0,0.71,0,164,5,0,0,3.093,
5,gpt-5.6-luna,bare,fqa-trip-longest,text-max,1,1.0,0.71,0,939,12,0,0,2.998,
5,gpt-5.6-luna,bare,fqa-trip-total-nights,num-aggregate,1,1.0,0.71,0,161,6,0,0,2.866,
5,gpt-5.6-luna,bare,fqa-xf-contacts-nights,mf-join-aggregate,0,0.0,0.0,0,1218,5,0,0,3.405,
5,gpt-5.6-luna,bare,fqa-xf-contacts-visited,mf-join-filter,1,1.0,0.8,0,423,13,0,0,1.357,
5,gpt-5.6-luna,bare,fqa-xf-dining-cap-months,mf-doc-join,1,1.0,0.71,0,1830,5,0,0,2.197,
5,gpt-5.6-luna,bare,fqa-xf-lease-vs-spend,mf-doc-join,0,0.3333,0.0,0,2155,11,0,0,3.875,
5,gpt-5.6-luna,bare,fqa-xf-nationality-pages,mf-join-groupby,1,0.6667,0.8,0,365,5,0,0,3.148,
5,gpt-5.6-luna,bare,fqa-xf-run-goal,mf-doc-join,0,0.0,0.0,0,1521,8,0,0,1.205,
5,gpt-5.6-luna,bare,fqa-xf-sleep-screen,mf-join-aggregate,0,0.0,0.0,0,5640,8,0,0,0.973,
5,gpt-5.6-luna,fella,fqa-contacts-close-count,cat-filter,1,1.0,0.8,0,2845,63,1,0,5.267,
5,gpt-5.6-luna,fella,fqa-contacts-countries,distinct-count,1,1.0,0.8,0,3194,66,1,0,4.894,
5,gpt-5.6-luna,fella,fqa-contacts-out-of-touch,text-max,1,1.0,0.8,0,2856,75,1,0,6.149,
5,gpt-5.6-luna,fella,fqa-fin-avg-month-2024,num-avg,1,1.0,0.8,0,3315,112,1,0,5.954,
5,gpt-5.6-luna,fella,fqa-fin-groceries-delta,num-multistep,1,1.0,0.76,0,2798,149,1,1,6.052,
5,gpt-5.6-luna,fella,fqa-fin-peak-month-2024,temporal-max,1,1.0,0.8,0,3436,103,1,0,5.601,
5,gpt-5.6-luna,fella,fqa-fin-q1-2024,num-filter,1,1.0,0.8,0,2917,99,1,0,6.074,
5,gpt-5.6-luna,fella,fqa-fin-rent-2024,num-filter,1,1.0,0.8,0,2893,98,1,0,2.863,
5,gpt-5.6-luna,fella,fqa-fin-second-cat,cat-rank,1,1.0,0.8,0,2913,91,1,0,5.893,
5,gpt-5.6-luna,fella,fqa-fin-top-cat,cat-groupby,1,1.0,0.8,0,2880,89,1,0,2.726,
5,gpt-5.6-luna,fella,fqa-fin-total-2024,num-aggregate,1,1.0,0.8,0,2864,87,1,0,3.03,
5,gpt-5.6-luna,fella,fqa-fin-yoy,num-multistep,1,1.0,0.76,0,3313,172,1,1,4.555,
5,gpt-5.6-luna,fella,fqa-fit-avg-session,num-avg,1,1.0,0.8,0,2874,71,1,0,5.761,
5,gpt-5.6-luna,fella,fqa-fit-distinct-activities,distinct-count,1,1.0,0.8,0,2885,74,1,0,5.916,
5,gpt-5.6-luna,fella,fqa-fit-longest,num-max,1,1.0,0.725,0,2913,90,1,0,5.657,
5,gpt-5.6-luna,fella,fqa-fit-run-count,num-filter,1,1.0,0.8,0,2866,63,1,0,6.767,
5,gpt-5.6-luna,fella,fqa-fit-run-km,num-filter,1,1.0,0.8,0,2894,78,1,0,7.418,
5,gpt-5.6-luna,fella,fqa-fit-top-activity,cat-groupby,1,1.0,0.8,0,2910,80,1,0,5.618,
5,gpt-5.6-luna,fella,fqa-fit-total-distance,num-aggregate,1,1.0,0.8,0,3333,75,1,0,5.726,
5,gpt-5.6-luna,fella,fqa-fit-total-min,num-aggregate,1,1.0,0.8,0,2858,67,1,0,7.498,
5,gpt-5.6-luna,fella,fqa-goals-most-behind,text-lookup,1,1.0,0.8,0,2652,70,1,0,5.838,
5,gpt-5.6-luna,fella,fqa-jrnl-apr19,text-lookup,1,1.0,0.7333,0,2676,95,1,0,5.385,
5,gpt-5.6-luna,fella,fqa-jrnl-entries,text-count,1,1.0,0.8,0,3056,65,1,0,5.99,
5,gpt-5.6-luna,fella,fqa-jrnl-kyoto,text-search,1,1.0,0.65,0,2661,109,1,0,6.072,
5,gpt-5.6-luna,fella,fqa-jrnl-stressed,text-count,1,1.0,0.8,0,3222,79,1,0,7.346,
5,gpt-5.6-luna,fella,fqa-mf-most-over-budget,mf-join-compare,1,1.0,0.8,0,3327,171,1,0,5.638,
5,gpt-5.6-luna,fella,fqa-mf-pages-british,mf-join-aggregate,1,1.0,0.8,0,3292,82,1,0,6.373,
5,gpt-5.6-luna,fella,fqa-mf-rent-vs-budget,mf-join-compare,1,1.0,0.8,0,3235,160,1,0,5.767,
5,gpt-5.6-luna,fella,fqa-mf-run-days-minutes,mf-doc-join,1,1.0,0.8,0,4660,154,1,0,7.578,
5,gpt-5.6-luna,fella,fqa-notool,no-tool,1,1.0,0.8,0,1215,41,0,0,4.098,
5,gpt-5.6-luna,fella,fqa-pdf-deposit,text-lookup,1,1.0,0.7,0,2590,67,1,0,6.047,
5,gpt-5.6-luna,fella,fqa-pdf-parking,text-lookup,1,1.0,0.8,0,3108,67,1,0,5.563,
5,gpt-5.6-luna,fella,fqa-pdf-rent,text-lookup,1,1.0,0.8,0,2612,65,1,0,6.028,
5,gpt-5.6-luna,fella,fqa-read-avg-rating,num-avg,1,1.0,0.8,0,3028,75,1,0,5.576,
5,gpt-5.6-luna,fella,fqa-read-finished-count,bool-filter,1,1.0,0.8,0,3002,69,1,0,6.108,
5,gpt-5.6-luna,fella,fqa-read-finished-pages,num-aggregate,1,1.0,0.8,0,3035,76,1,0,5.196,
5,gpt-5.6-luna,fella,fqa-read-genres,distinct-count,0,0.0,0.3,0,1737,4,0,0,2.952,
5,gpt-5.6-luna,fella,fqa-read-longest,text-max,1,1.0,0.8,0,3047,86,1,0,5.726,
5,gpt-5.6-luna,fella,fqa-read-rated5,num-filter,1,1.0,0.75,0,3019,68,1,1,5.546,
5,gpt-5.6-luna,fella,fqa-read-top-genre-pages,cat-groupby,1,0.6667,0.8,0,3098,84,1,0,5.941,
5,gpt-5.6-luna,fella,fqa-read-unfinished,text-list,1,1.0,0.8,0,3031,78,1,0,5.848,
5,gpt-5.6-luna,fella,fqa-refusal,refusal,1,1.0,0.8,0,1494,21,0,0,2.697,
5,gpt-5.6-luna,fella,fqa-screen-days-over-150,num-filter,1,1.0,0.8,0,2860,93,1,0,5.946,
5,gpt-5.6-luna,fella,fqa-screen-second-app,cat-rank,1,1.0,0.8,0,3281,82,1,0,5.671,
5,gpt-5.6-luna,fella,fqa-screen-top-app,cat-groupby,1,1.0,0.8,0,2851,90,1,0,5.369,
5,gpt-5.6-luna,fella,fqa-screen-total,num-aggregate,1,1.0,0.8,0,2811,71,1,0,6.143,
5,gpt-5.6-luna,fella,fqa-sleep-at-least-8,num-filter,1,1.0,0.8,0,2834,68,1,0,6.315,
5,gpt-5.6-luna,fella,fqa-sleep-avg-hours,num-avg,1,1.0,0.8,0,2817,69,1,0,5.974,
5,gpt-5.6-luna,fella,fqa-subs-active-cost,num-filter,1,1.0,0.8,0,2866,78,1,0,5.791,
5,gpt-5.6-luna,fella,fqa-subs-cheapest,text-min,1,1.0,0.8,0,3230,85,1,0,5.045,
5,gpt-5.6-luna,fella,fqa-subs-inactive-count,num-filter,1,1.0,0.8,0,2829,61,1,0,8.189,
5,gpt-5.6-luna,fella,fqa-subs-top-category,cat-groupby,1,1.0,0.8,0,2924,92,1,0,6.044,
5,gpt-5.6-luna,fella,fqa-trip-avg-nights,num-avg,1,1.0,0.8,0,2833,71,1,0,6.021,
5,gpt-5.6-luna,fella,fqa-trip-countries,distinct-count,1,1.0,0.8,0,2814,67,1,0,5.516,
5,gpt-5.6-luna,fella,fqa-trip-leisure-nights,cat-filter,1,1.0,0.8,0,2860,78,1,0,5.926,
5,gpt-5.6-luna,fella,fqa-trip-longest,text-max,1,1.0,0.8,0,3204,78,1,0,5.628,
5,gpt-5.6-luna,fella,fqa-trip-total-nights,num-aggregate,1,1.0,0.8,0,2818,65,1,0,6.024,
5,gpt-5.6-luna,fella,fqa-xf-contacts-nights,mf-join-aggregate,1,1.0,0.8,0,3555,91,1,0,5.876,
5,gpt-5.6-luna,fella,fqa-xf-contacts-visited,mf-join-filter,1,1.0,0.8,0,3276,166,1,0,5.6,
5,gpt-5.6-luna,fella,fqa-xf-dining-cap-months,mf-doc-join,1,1.0,0.8,0,3327,156,1,0,6.066,
5,gpt-5.6-luna,fella,fqa-xf-lease-vs-spend,mf-doc-join,1,1.0,0.7167,0,3006,195,1,1,5.629,
5,gpt-5.6-luna,fella,fqa-xf-nationality-pages,mf-join-groupby,1,1.0,0.8,0,3317,104,1,0,5.96,
5,gpt-5.6-luna,fella,fqa-xf-run-goal,mf-doc-join,1,1.0,0.65,0,2992,139,1,1,5.958,
5,gpt-5.6-luna,fella,fqa-xf-sleep-screen,mf-join-aggregate,1,1.0,0.8,0,3224,131,1,0,5.974,
6,muse-glimmer-30b,bare,fqa-contacts-close-count,cat-filter,1,1.0,0.71,0,350,169,0,0,1.512,
6,muse-glimmer-30b,bare,fqa-contacts-countries,distinct-count,1,1.0,0.71,0,1127,148,0,0,1.825,
6,muse-glimmer-30b,bare,fqa-contacts-out-of-touch,text-max,1,1.0,0.8,0,347,212,0,0,2.216,
6,muse-glimmer-30b,bare,fqa-fin-avg-month-2024,num-avg,0,0.0,0.3,0,2503,1024,0,0,3.799,
6,muse-glimmer-30b,bare,fqa-fin-groceries-delta,num-multistep,1,1.0,0.71,0,1726,928,0,0,4.443,
6,muse-glimmer-30b,bare,fqa-fin-peak-month-2024,temporal-max,0,0.0,0.8,0,2536,1024,0,0,4.011,
6,muse-glimmer-30b,bare,fqa-fin-q1-2024,num-filter,1,1.0,0.71,0,1726,623,0,0,3.253,
6,muse-glimmer-30b,bare,fqa-fin-rent-2024,num-filter,1,1.0,0.71,0,1717,619,0,0,5.543,
6,muse-glimmer-30b,bare,fqa-fin-second-cat,cat-rank,0,0.0,0.8,0,1720,1024,0,0,4.129,
6,muse-glimmer-30b,bare,fqa-fin-top-cat,cat-groupby,0,0.0,0.8,0,1718,1024,0,0,3.652,
6,muse-glimmer-30b,bare,fqa-fin-total-2024,num-aggregate,0,0.0,0.3,0,1717,1024,0,0,9.49,
6,muse-glimmer-30b,bare,fqa-fin-yoy,num-multistep,0,0.0,0.3,0,1729,1024,0,0,3.17,
6,muse-glimmer-30b,bare,fqa-fit-avg-session,num-avg,0,0.0,0.3,0,1416,1024,0,0,10.573,
6,muse-glimmer-30b,bare,fqa-fit-distinct-activities,distinct-count,1,1.0,0.71,0,1416,426,0,0,4.58,
6,muse-glimmer-30b,bare,fqa-fit-longest,num-max,0,0.0,0.3,0,1414,1024,0,0,10.487,
6,muse-glimmer-30b,bare,fqa-fit-run-count,num-filter,0,0.0,0.3,0,1413,1024,0,0,10.548,
6,muse-glimmer-30b,bare,fqa-fit-run-km,num-filter,0,0.0,0.3,0,1413,1024,0,0,10.968,
6,muse-glimmer-30b,bare,fqa-fit-top-activity,cat-groupby,0,0.0,0.8,0,1414,1024,0,0,11.146,
6,muse-glimmer-30b,bare,fqa-fit-total-distance,num-aggregate,0,0.0,0.3,0,2200,1024,0,0,10.378,
6,muse-glimmer-30b,bare,fqa-fit-total-min,num-aggregate,0,0.0,0.3,0,1414,1024,0,0,11.082,
6,muse-glimmer-30b,bare,fqa-goals-most-behind,text-lookup,1,1.0,0.8,0,206,252,0,0,4.958,
6,muse-glimmer-30b,bare,fqa-jrnl-apr19,text-lookup,1,1.0,0.8,0,270,542,0,0,5.72,
6,muse-glimmer-30b,bare,fqa-jrnl-entries,text-count,1,1.0,0.71,0,1042,319,0,0,5.92,
6,muse-glimmer-30b,bare,fqa-jrnl-kyoto,text-search,1,1.0,0.8,0,265,381,0,0,7.458,
6,muse-glimmer-30b,bare,fqa-jrnl-stressed,text-count,1,1.0,0.71,0,267,320,0,0,5.763,
6,muse-glimmer-30b,bare,fqa-mf-most-over-budget,mf-join-compare,0,0.0,0.8,0,1781,1024,0,0,3.921,
6,muse-glimmer-30b,bare,fqa-mf-pages-british,mf-join-aggregate,1,1.0,0.71,0,390,391,0,0,2.877,
6,muse-glimmer-30b,bare,fqa-mf-rent-vs-budget,mf-join-compare,1,1.0,0.71,0,1769,858,0,0,5.765,
6,muse-glimmer-30b,bare,fqa-mf-run-days-minutes,mf-doc-join,1,0.6667,0.5733,0,1598,961,0,0,7.556,
6,muse-glimmer-30b,bare,fqa-notool,no-tool,1,1.0,0.8,0,94,263,0,0,3.102,
6,muse-glimmer-30b,bare,fqa-pdf-deposit,text-lookup,1,1.0,0.71,0,506,158,0,0,1.56,
6,muse-glimmer-30b,bare,fqa-pdf-parking,text-lookup,1,1.0,0.71,0,1288,111,0,0,1.276,
6,muse-glimmer-30b,bare,fqa-pdf-rent,text-lookup,1,1.0,0.71,0,505,133,0,0,1.674,
6,muse-glimmer-30b,bare,fqa-read-avg-rating,num-avg,1,1.0,0.71,0,313,246,0,0,4.353,
6,muse-glimmer-30b,bare,fqa-read-finished-count,bool-filter,1,1.0,0.71,0,310,172,0,0,1.384,
6,muse-glimmer-30b,bare,fqa-read-finished-pages,num-aggregate,1,1.0,0.71,0,316,219,0,0,2.083,
6,muse-glimmer-30b,bare,fqa-read-genres,distinct-count,1,1.0,0.71,0,1157,321,0,0,3.592,
6,muse-glimmer-30b,bare,fqa-read-longest,text-max,1,1.0,0.8,0,315,333,0,0,3.466,
6,muse-glimmer-30b,bare,fqa-read-rated5,num-filter,1,1.0,0.71,0,312,426,0,0,4.339,
6,muse-glimmer-30b,bare,fqa-read-top-genre-pages,cat-groupby,1,1.0,0.8,0,318,318,0,0,2.691,
6,muse-glimmer-30b,bare,fqa-read-unfinished,text-list,1,1.0,0.8,0,313,317,0,0,2.7,
6,muse-glimmer-30b,bare,fqa-refusal,refusal,1,0.6667,0.8,0,317,983,0,0,10.579,
6,muse-glimmer-30b,bare,fqa-screen-days-over-150,num-filter,0,0.0,0.3,0,4138,1024,0,0,6.341,
6,muse-glimmer-30b,bare,fqa-screen-second-app,cat-rank,0,0.0,0.8,0,4911,1024,0,0,5.788,
6,muse-glimmer-30b,bare,fqa-screen-top-app,cat-groupby,0,0.0,0.8,0,4130,1024,0,0,5.687,
6,muse-glimmer-30b,bare,fqa-screen-total,num-aggregate,0,0.0,0.3,0,4132,1024,0,0,6.779,
6,muse-glimmer-30b,bare,fqa-sleep-at-least-8,num-filter,1,1.0,0.71,0,1605,812,0,0,14.651,
6,muse-glimmer-30b,bare,fqa-sleep-avg-hours,num-avg,0,0.0,0.3,0,1603,1024,0,0,19.595,
6,muse-glimmer-30b,bare,fqa-subs-active-cost,num-filter,0,0.0,0.3,0,115,268,0,0,2.874,
6,muse-glimmer-30b,bare,fqa-subs-cheapest,text-min,0,0.0,0.8,0,890,378,0,0,3.309,
6,muse-glimmer-30b,bare,fqa-subs-inactive-count,num-filter,0,0.0,0.3,0,112,330,0,0,4.301,
6,muse-glimmer-30b,bare,fqa-subs-top-category,cat-groupby,0,0.0,0.8,0,119,300,0,0,3.205,
6,muse-glimmer-30b,bare,fqa-trip-avg-nights,num-avg,1,1.0,0.71,0,186,413,0,0,4.4,
6,muse-glimmer-30b,bare,fqa-trip-countries,distinct-count,1,1.0,0.71,0,181,195,0,0,2.211,
6,muse-glimmer-30b,bare,fqa-trip-leisure-nights,cat-filter,1,1.0,0.71,0,187,275,0,0,1.72,
6,muse-glimmer-30b,bare,fqa-trip-longest,text-max,1,1.0,0.8,0,960,278,0,0,2.736,
6,muse-glimmer-30b,bare,fqa-trip-total-nights,num-aggregate,1,1.0,0.71,0,184,225,0,0,1.571,
6,muse-glimmer-30b,bare,fqa-xf-contacts-nights,mf-join-aggregate,1,1.0,0.71,0,1237,491,0,0,4.478,
6,muse-glimmer-30b,bare,fqa-xf-contacts-visited,mf-join-filter,1,1.0,0.8,0,444,362,0,0,6.965,
6,muse-glimmer-30b,bare,fqa-xf-dining-cap-months,mf-doc-join,1,1.0,0.71,0,1845,465,0,0,5.182,
6,muse-glimmer-30b,bare,fqa-xf-lease-vs-spend,mf-doc-join,1,1.0,0.71,0,2163,935,0,0,8.684,
6,muse-glimmer-30b,bare,fqa-xf-nationality-pages,mf-join-groupby,1,1.0,0.8,0,386,634,0,0,11.916,
6,muse-glimmer-30b,bare,fqa-xf-run-goal,mf-doc-join,0,0.0,0.3,0,1536,1024,0,0,6.251,
6,muse-glimmer-30b,bare,fqa-xf-sleep-screen,mf-join-aggregate,0,0.0,0.3,0,5655,1024,0,0,18.873,
6,muse-glimmer-30b,fella,fqa-contacts-close-count,cat-filter,0,0.0,0.3,0,2032,231,0,0,1.758,
6,muse-glimmer-30b,fella,fqa-contacts-countries,distinct-count,0,0.3333,0.4667,0,2981,216,0,0,1.75,
6,muse-glimmer-30b,fella,fqa-contacts-out-of-touch,text-max,1,0.6667,0.8,0,3480,441,0,0,6.231,
6,muse-glimmer-30b,fella,fqa-fin-avg-month-2024,num-avg,1,0.6667,0.5333,0,3857,516,0,0,4.551,
6,muse-glimmer-30b,fella,fqa-fin-groceries-delta,num-multistep,1,1.0,0.8,0,6392,1039,2,0,7.745,
6,muse-glimmer-30b,fella,fqa-fin-peak-month-2024,temporal-max,1,1.0,0.7383,0,4749,615,1,0,5.445,
6,muse-glimmer-30b,fella,fqa-fin-q1-2024,num-filter,0,0.0,0.0,0,2058,314,0,0,2.044,
6,muse-glimmer-30b,fella,fqa-fin-rent-2024,num-filter,1,1.0,0.8,0,4220,385,1,0,3.682,
6,muse-glimmer-30b,fella,fqa-fin-second-cat,cat-rank,1,1.0,0.8,0,4211,398,1,0,3.544,
6,muse-glimmer-30b,fella,fqa-fin-top-cat,cat-groupby,1,0.6667,0.8,0,3473,373,0,0,2.725,
6,muse-glimmer-30b,fella,fqa-fin-total-2024,num-aggregate,0,0.3333,0.2667,0,2746,322,0,0,2.294,
6,muse-glimmer-30b,fella,fqa-fin-yoy,num-multistep,1,0.6667,0.5333,1,6637,1069,2,0,8.58,
6,muse-glimmer-30b,fella,fqa-fit-avg-session,num-avg,0,0.0,0.3,0,2043,242,0,0,2.352,
6,muse-glimmer-30b,fella,fqa-fit-distinct-activities,distinct-count,0,0.0,0.3,0,2050,209,0,0,1.64,
6,muse-glimmer-30b,fella,fqa-fit-longest,num-max,1,0.6667,0.5933,0,3501,358,0,0,3.116,
6,muse-glimmer-30b,fella,fqa-fit-run-count,num-filter,0,0.3333,0.4667,0,2754,256,0,0,1.996,
6,muse-glimmer-30b,fella,fqa-fit-run-km,num-filter,1,0.6667,0.6333,0,3482,238,0,0,3.404,
6,muse-glimmer-30b,fella,fqa-fit-top-activity,cat-groupby,1,0.6667,0.8,0,3502,267,0,0,2.033,
6,muse-glimmer-30b,fella,fqa-fit-total-distance,num-aggregate,0,0.3333,0.4667,0,3058,302,0,0,2.437,
6,muse-glimmer-30b,fella,fqa-fit-total-min,num-aggregate,0,0.0,0.3,0,2038,193,0,0,1.497,
6,muse-glimmer-30b,fella,fqa-goals-most-behind,text-lookup,1,1.0,0.8,1,6066,1020,2,0,7.072,
6,muse-glimmer-30b,fella,fqa-jrnl-apr19,text-lookup,1,1.0,0.8,0,4023,286,1,0,2.951,
6,muse-glimmer-30b,fella,fqa-jrnl-entries,text-count,1,1.0,0.8,0,6973,779,2,0,6.395,
6,muse-glimmer-30b,fella,fqa-jrnl-kyoto,text-search,1,1.0,0.8,0,4024,440,1,0,4.074,
6,muse-glimmer-30b,fella,fqa-jrnl-stressed,text-count,1,1.0,0.8,1,12823,1516,4,0,17.31,
6,muse-glimmer-30b,fella,fqa-mf-most-over-budget,mf-join-compare,1,1.0,0.7083,0,4548,864,1,1,6.563,
6,muse-glimmer-30b,fella,fqa-mf-pages-british,mf-join-aggregate,0,0.3333,0.4667,1,5955,552,1,0,4.102,
6,muse-glimmer-30b,fella,fqa-mf-rent-vs-budget,mf-join-compare,1,1.0,0.7333,0,4549,562,1,1,4.009,
6,muse-glimmer-30b,fella,fqa-mf-run-days-minutes,mf-doc-join,1,1.0,0.8,0,6910,741,2,0,5.447,
6,muse-glimmer-30b,fella,fqa-notool,no-tool,1,1.0,0.8,0,1865,204,0,0,1.94,
6,muse-glimmer-30b,fella,fqa-pdf-deposit,text-lookup,1,1.0,0.8,0,3929,264,1,0,2.818,
6,muse-glimmer-30b,fella,fqa-pdf-parking,text-lookup,1,1.0,0.8,0,4297,361,1,0,3.231,
6,muse-glimmer-30b,fella,fqa-pdf-rent,text-lookup,1,1.0,0.8,0,3928,223,1,0,2.341,
6,muse-glimmer-30b,fella,fqa-read-avg-rating,num-avg,1,0.6667,0.6333,0,3608,324,0,0,2.766,
6,muse-glimmer-30b,fella,fqa-read-finished-count,bool-filter,0,0.0,0.3,0,2109,227,0,0,1.78,
6,muse-glimmer-30b,fella,fqa-read-finished-pages,num-aggregate,1,1.0,0.8,0,4363,298,1,0,2.418,
6,muse-glimmer-30b,fella,fqa-read-genres,distinct-count,1,1.0,0.8,0,4873,373,1,0,2.981,
6,muse-glimmer-30b,fella,fqa-read-longest,text-max,0,0.3333,0.8,0,2873,310,0,0,2.787,
6,muse-glimmer-30b,fella,fqa-read-rated5,num-filter,1,1.0,0.5833,0,4214,404,1,1,3.676,
6,muse-glimmer-30b,fella,fqa-read-top-genre-pages,cat-groupby,0,0.3333,0.8,0,4597,576,1,0,4.312,
6,muse-glimmer-30b,fella,fqa-read-unfinished,text-list,0,0.3333,0.8,0,2857,354,0,0,3.318,
6,muse-glimmer-30b,fella,fqa-refusal,refusal,0,0.0,0.8,3,11297,2514,3,0,17.797,
6,muse-glimmer-30b,fella,fqa-screen-days-over-150,num-filter,1,1.0,0.6333,0,4059,532,1,1,4.623,
6,muse-glimmer-30b,fella,fqa-screen-second-app,cat-rank,1,1.0,0.8,0,4608,385,1,0,3.557,
6,muse-glimmer-30b,fella,fqa-screen-top-app,cat-groupby,1,0.6667,0.8,0,3463,346,0,0,3.049,
6,muse-glimmer-30b,fella,fqa-screen-total,num-aggregate,0,0.0,0.3,0,2020,220,0,0,1.811,
6,muse-glimmer-30b,fella,fqa-sleep-at-least-8,num-filter,1,1.0,0.74,0,2737,206,0,1,1.662,
6,muse-glimmer-30b,fella,fqa-sleep-avg-hours,num-avg,0,0.0,0.3,0,2017,222,0,0,1.626,
6,muse-glimmer-30b,fella,fqa-subs-active-cost,num-filter,1,1.0,0.8,0,4194,346,1,0,3.128,
6,muse-glimmer-30b,fella,fqa-subs-cheapest,text-min,0,0.3333,0.8,0,2997,361,0,0,2.71,
6,muse-glimmer-30b,fella,fqa-subs-inactive-count,num-filter,0,0.0,0.3,0,2026,211,0,0,2.006,
6,muse-glimmer-30b,fella,fqa-subs-top-category,cat-groupby,1,0.6667,0.8,0,3521,416,0,0,3.026,
6,muse-glimmer-30b,fella,fqa-trip-avg-nights,num-avg,0,0.3333,0.4667,0,2738,282,0,0,2.306,
6,muse-glimmer-30b,fella,fqa-trip-countries,distinct-count,1,0.6667,0.6333,0,3437,249,0,0,2.39,
6,muse-glimmer-30b,fella,fqa-trip-leisure-nights,cat-filter,1,1.0,0.8,0,4193,540,1,0,3.977,
6,muse-glimmer-30b,fella,fqa-trip-longest,text-max,0,0.0,0.8,0,2203,246,0,0,1.794,
6,muse-glimmer-30b,fella,fqa-trip-total-nights,num-aggregate,1,0.6667,0.6333,0,3441,239,0,0,2.074,
6,muse-glimmer-30b,fella,fqa-xf-contacts-nights,mf-join-aggregate,1,1.0,0.8,3,15352,1855,4,0,13.519,
6,muse-glimmer-30b,fella,fqa-xf-contacts-visited,mf-join-filter,1,1.0,0.8,5,14961,1682,4,0,13.248,
6,muse-glimmer-30b,fella,fqa-xf-dining-cap-months,mf-doc-join,1,1.0,0.7458,0,10628,1284,3,0,9.586,
6,muse-glimmer-30b,fella,fqa-xf-lease-vs-spend,mf-doc-join,1,1.0,0.7732,1,9061,1339,3,1,10.029,
6,muse-glimmer-30b,fella,fqa-xf-nationality-pages,mf-join-groupby,1,0.6667,0.8,0,3838,512,0,0,4.621,
6,muse-glimmer-30b,fella,fqa-xf-run-goal,mf-doc-join,1,1.0,0.7675,2,12262,1605,4,1,12.617,
6,muse-glimmer-30b,fella,fqa-xf-sleep-screen,mf-join-aggregate,1,1.0,0.8,0,4530,696,1,0,4.993,
7,inkling-small,bare,fqa-contacts-close-count,cat-filter,1,1.0,0.71,0,341,28,0,0,0.55,
7,inkling-small,bare,fqa-contacts-countries,distinct-count,1,1.0,0.71,0,1120,36,0,0,0.3,
7,inkling-small,bare,fqa-contacts-out-of-touch,text-max,1,1.0,0.8,0,337,74,0,0,0.461,
7,inkling-small,bare,fqa-fin-avg-month-2024,num-avg,0,0.3333,0.4367,0,2494,994,0,0,2.956,
7,inkling-small,bare,fqa-fin-groceries-delta,num-multistep,1,1.0,0.71,0,1715,493,0,0,1.57,
7,inkling-small,bare,fqa-fin-peak-month-2024,temporal-max,1,0.6667,0.74,0,2528,797,0,0,2.547,
7,inkling-small,bare,fqa-fin-q1-2024,num-filter,1,1.0,0.71,0,1715,380,0,0,1.231,
7,inkling-small,bare,fqa-fin-rent-2024,num-filter,1,1.0,0.71,0,1707,464,0,0,1.455,
7,inkling-small,bare,fqa-fin-second-cat,cat-rank,0,0.0,0.8,0,1709,1024,0,0,2.872,
7,inkling-small,bare,fqa-fin-top-cat,cat-groupby,0,0.0,0.8,0,1707,1024,0,0,2.849,
7,inkling-small,bare,fqa-fin-total-2024,num-aggregate,0,0.0,0.3,0,1707,1024,0,0,4.253,
7,inkling-small,bare,fqa-fin-yoy,num-multistep,0,0.0,0.3,0,1718,1024,0,0,3.108,
7,inkling-small,bare,fqa-fit-avg-session,num-avg,0,0.0,0.3,0,1408,1024,0,0,6.679,
7,inkling-small,bare,fqa-fit-distinct-activities,distinct-count,1,1.0,0.71,0,1408,36,0,0,0.519,
7,inkling-small,bare,fqa-fit-longest,num-max,1,1.0,0.71,0,1406,271,0,0,1.973,
7,inkling-small,bare,fqa-fit-run-count,num-filter,1,1.0,0.71,0,1405,720,0,0,4.949,
7,inkling-small,bare,fqa-fit-run-km,num-filter,1,0.6667,0.5733,0,1405,969,0,0,6.462,
7,inkling-small,bare,fqa-fit-top-activity,cat-groupby,0,0.0,0.8,0,1406,1024,0,0,6.98,
7,inkling-small,bare,fqa-fit-total-distance,num-aggregate,0,0.0,0.3,0,2194,1024,0,0,6.84,
7,inkling-small,bare,fqa-fit-total-min,num-aggregate,0,0.0,0.3,0,1405,1024,0,0,5.756,
7,inkling-small,bare,fqa-goals-most-behind,text-lookup,1,1.0,0.8,0,199,35,0,0,0.357,
7,inkling-small,bare,fqa-jrnl-apr19,text-lookup,1,1.0,0.8,0,257,85,0,0,0.588,
7,inkling-small,bare,fqa-jrnl-entries,text-count,1,1.0,0.71,0,1031,70,0,0,0.386,
7,inkling-small,bare,fqa-jrnl-kyoto,text-search,1,1.0,0.8,0,253,46,0,0,0.281,
7,inkling-small,bare,fqa-jrnl-stressed,text-count,1,1.0,0.71,0,255,36,0,0,0.281,
7,inkling-small,bare,fqa-mf-most-over-budget,mf-join-compare,0,0.0,0.8,0,1771,1024,0,0,2.957,
7,inkling-small,bare,fqa-mf-pages-british,mf-join-aggregate,1,1.0,0.71,0,377,174,0,0,0.673,
7,inkling-small,bare,fqa-mf-rent-vs-budget,mf-join-compare,1,1.0,0.71,0,1759,374,0,0,1.222,
7,inkling-small,bare,fqa-mf-run-days-minutes,mf-doc-join,1,1.0,0.71,0,1587,737,0,0,5.26,
7,inkling-small,bare,fqa-notool,no-tool,1,1.0,0.8,0,83,151,0,0,0.905,
7,inkling-small,bare,fqa-pdf-deposit,text-lookup,1,1.0,0.71,0,504,26,0,0,0.29,
7,inkling-small,bare,fqa-pdf-parking,text-lookup,1,1.0,0.71,0,1288,32,0,0,0.474,
7,inkling-small,bare,fqa-pdf-rent,text-lookup,1,1.0,0.71,0,503,26,0,0,0.378,
7,inkling-small,bare,fqa-read-avg-rating,num-avg,1,1.0,0.71,0,299,89,0,0,0.487,
7,inkling-small,bare,fqa-read-finished-count,bool-filter,1,1.0,0.71,0,295,66,0,0,0.562,
7,inkling-small,bare,fqa-read-finished-pages,num-aggregate,1,1.0,0.71,0,303,85,0,0,0.817,
7,inkling-small,bare,fqa-read-genres,distinct-count,1,1.0,0.71,0,1144,58,0,0,0.46,
7,inkling-small,bare,fqa-read-longest,text-max,1,1.0,0.8,0,301,54,0,0,0.426,
7,inkling-small,bare,fqa-read-rated5,num-filter,1,1.0,0.71,0,298,78,0,0,0.37,
7,inkling-small,bare,fqa-read-top-genre-pages,cat-groupby,1,1.0,0.8,0,305,101,0,0,0.883,
7,inkling-small,bare,fqa-read-unfinished,text-list,1,1.0,0.8,0,300,44,0,0,0.503,
7,inkling-small,bare,fqa-refusal,refusal,1,0.6667,0.77,0,303,205,0,0,1.0,
7,inkling-small,bare,fqa-screen-days-over-150,num-filter,0,0.0,0.3,0,4129,1024,0,0,2.586,
7,inkling-small,bare,fqa-screen-second-app,cat-rank,0,0.0,0.8,0,4904,1024,0,0,2.643,
7,inkling-small,bare,fqa-screen-top-app,cat-groupby,0,0.0,0.8,0,4121,1024,0,0,2.75,
7,inkling-small,bare,fqa-screen-total,num-aggregate,0,0.0,0.3,0,4123,1024,0,0,2.739,
7,inkling-small,bare,fqa-sleep-at-least-8,num-filter,1,1.0,0.71,0,1596,701,0,0,2.14,
7,inkling-small,bare,fqa-sleep-avg-hours,num-avg,0,0.0,0.3,0,1594,1024,0,0,2.795,
7,inkling-small,bare,fqa-subs-active-cost,num-filter,0,0.0,0.3,0,104,137,0,0,0.939,
7,inkling-small,bare,fqa-subs-cheapest,text-min,0,0.0,0.8,0,882,328,0,0,2.371,
7,inkling-small,bare,fqa-subs-inactive-count,num-filter,0,0.0,0.3,0,100,149,0,0,1.095,
7,inkling-small,bare,fqa-subs-top-category,cat-groupby,0,0.0,0.8,0,108,140,0,0,0.606,
7,inkling-small,bare,fqa-trip-avg-nights,num-avg,1,1.0,0.71,0,171,112,0,0,0.726,
7,inkling-small,bare,fqa-trip-countries,distinct-count,1,1.0,0.71,0,167,70,0,0,0.371,
7,inkling-small,bare,fqa-trip-leisure-nights,cat-filter,1,1.0,0.71,0,172,107,0,0,0.62,
7,inkling-small,bare,fqa-trip-longest,text-max,1,1.0,0.8,0,947,58,0,0,0.458,
7,inkling-small,bare,fqa-trip-total-nights,num-aggregate,1,1.0,0.71,0,168,51,0,0,0.408,
7,inkling-small,bare,fqa-xf-contacts-nights,mf-join-aggregate,1,1.0,0.71,0,1225,337,0,0,2.432,
7,inkling-small,bare,fqa-xf-contacts-visited,mf-join-filter,1,1.0,0.8,0,431,101,0,0,0.478,
7,inkling-small,bare,fqa-xf-dining-cap-months,mf-doc-join,1,1.0,0.71,0,1838,239,0,0,1.772,
7,inkling-small,bare,fqa-xf-lease-vs-spend,mf-doc-join,1,1.0,0.71,0,2162,694,0,0,2.314,
7,inkling-small,bare,fqa-xf-nationality-pages,mf-join-groupby,1,1.0,0.8,0,373,382,0,0,1.072,
7,inkling-small,bare,fqa-xf-run-goal,mf-doc-join,1,0.6667,0.5733,0,1529,828,0,0,1.806,
7,inkling-small,bare,fqa-xf-sleep-screen,mf-join-aggregate,0,0.0,0.3,0,5647,1024,0,0,3.091,
7,inkling-small,fella,fqa-contacts-close-count,cat-filter,1,1.0,0.8,0,3164,65,1,0,0.971,
7,inkling-small,fella,fqa-contacts-countries,distinct-count,1,1.0,0.8,0,3523,70,1,0,1.092,
7,inkling-small,fella,fqa-contacts-out-of-touch,text-max,1,1.0,0.8,0,3201,69,1,0,0.931,
7,inkling-small,fella,fqa-fin-avg-month-2024,num-avg,1,1.0,0.8,0,3662,129,1,0,1.207,
7,inkling-small,fella,fqa-fin-groceries-delta,num-multistep,1,1.0,0.8,0,4733,173,2,0,2.163,
7,inkling-small,fella,fqa-fin-peak-month-2024,temporal-max,1,1.0,0.7383,0,3757,92,1,0,1.21,
7,inkling-small,fella,fqa-fin-q1-2024,num-filter,1,1.0,0.8,0,3242,80,1,0,1.115,
7,inkling-small,fella,fqa-fin-rent-2024,num-filter,1,1.0,0.8,0,3220,77,1,0,0.921,
7,inkling-small,fella,fqa-fin-second-cat,cat-rank,1,1.0,0.8,0,3211,114,1,0,1.444,
7,inkling-small,fella,fqa-fin-top-cat,cat-groupby,1,1.0,0.8,0,3219,77,1,0,0.971,
7,inkling-small,fella,fqa-fin-total-2024,num-aggregate,1,1.0,0.8,0,3174,85,1,0,1.124,
7,inkling-small,fella,fqa-fin-yoy,num-multistep,1,1.0,0.8,0,4730,177,2,0,1.887,
7,inkling-small,fella,fqa-fit-avg-session,num-avg,1,1.0,0.7,0,3195,70,1,1,0.97,
7,inkling-small,fella,fqa-fit-distinct-activities,distinct-count,1,1.0,0.8,0,3210,62,1,0,0.894,
7,inkling-small,fella,fqa-fit-longest,num-max,1,1.0,0.74,0,3239,73,1,0,0.897,
7,inkling-small,fella,fqa-fit-run-count,num-filter,1,1.0,0.8,0,3194,64,1,0,0.939,
7,inkling-small,fella,fqa-fit-run-km,num-filter,1,1.0,0.8,0,3216,68,1,0,1.125,
7,inkling-small,fella,fqa-fit-top-activity,cat-groupby,1,1.0,0.8,0,3234,93,1,0,1.323,
7,inkling-small,fella,fqa-fit-total-distance,num-aggregate,1,1.0,0.8,0,3667,68,1,0,1.123,
7,inkling-small,fella,fqa-fit-total-min,num-aggregate,1,1.0,0.8,0,3185,69,1,0,1.038,
7,inkling-small,fella,fqa-goals-most-behind,text-lookup,1,1.0,0.8,2,8428,169,4,0,2.625,
7,inkling-small,fella,fqa-jrnl-apr19,text-lookup,1,1.0,0.8,0,3023,87,1,0,0.879,
7,inkling-small,fella,fqa-jrnl-entries,text-count,1,1.0,0.8,0,3996,96,1,0,1.153,
7,inkling-small,fella,fqa-jrnl-kyoto,text-search,1,1.0,0.7,0,2968,90,1,0,0.99,
7,inkling-small,fella,fqa-jrnl-stressed,text-count,1,1.0,0.8,0,4638,94,2,0,1.236,
7,inkling-small,fella,fqa-mf-most-over-budget,mf-join-compare,1,1.0,0.68,0,4227,171,1,1,1.777,
7,inkling-small,fella,fqa-mf-pages-british,mf-join-aggregate,1,1.0,0.6167,0,3617,118,1,1,1.193,
7,inkling-small,fella,fqa-mf-rent-vs-budget,mf-join-compare,1,1.0,0.7667,0,3572,157,1,1,1.335,
7,inkling-small,fella,fqa-mf-run-days-minutes,mf-doc-join,1,1.0,0.7778,1,6692,193,2,1,1.889,
7,inkling-small,fella,fqa-notool,no-tool,1,1.0,0.8,0,1391,155,0,0,1.394,
7,inkling-small,fella,fqa-pdf-deposit,text-lookup,1,1.0,0.8,0,3944,75,1,0,2.672,
7,inkling-small,fella,fqa-pdf-parking,text-lookup,1,1.0,0.7333,0,3974,76,1,0,1.065,
7,inkling-small,fella,fqa-pdf-rent,text-lookup,1,1.0,0.8,0,3940,65,1,0,3.299,
7,inkling-small,fella,fqa-read-avg-rating,num-avg,1,1.0,0.6429,0,3353,69,1,1,0.895,
7,inkling-small,fella,fqa-read-finished-count,bool-filter,1,1.0,0.8,0,3326,69,1,0,0.971,
7,inkling-small,fella,fqa-read-finished-pages,num-aggregate,1,1.0,0.7333,0,3978,106,1,1,1.232,
7,inkling-small,fella,fqa-read-genres,distinct-count,1,1.0,0.8,0,3879,55,1,0,0.886,
7,inkling-small,fella,fqa-read-longest,text-max,1,1.0,0.8,0,3376,70,1,0,1.297,
7,inkling-small,fella,fqa-read-rated5,num-filter,1,1.0,0.64,0,3214,86,1,1,1.034,
7,inkling-small,fella,fqa-read-top-genre-pages,cat-groupby,1,1.0,0.8,0,3426,92,1,0,1.158,
7,inkling-small,fella,fqa-read-unfinished,text-list,1,1.0,0.8,0,3342,82,1,0,0.978,
7,inkling-small,fella,fqa-refusal,refusal,0,0.0,0.8,0,3417,107,1,0,1.284,
7,inkling-small,fella,fqa-screen-days-over-150,num-filter,1,1.0,0.65,0,3056,93,1,1,1.169,
7,inkling-small,fella,fqa-screen-second-app,cat-rank,1,1.0,0.8,0,3611,90,1,0,1.124,
7,inkling-small,fella,fqa-screen-top-app,cat-groupby,1,1.0,0.8,0,3178,85,1,0,0.982,
7,inkling-small,fella,fqa-screen-total,num-aggregate,1,1.0,0.8,0,3138,52,1,0,0.918,
7,inkling-small,fella,fqa-sleep-at-least-8,num-filter,1,1.0,0.8,0,3162,55,1,0,0.943,
7,inkling-small,fella,fqa-sleep-avg-hours,num-avg,1,1.0,0.8,0,3142,48,1,0,2.34,
7,inkling-small,fella,fqa-subs-active-cost,num-filter,1,1.0,0.8,0,3194,60,1,0,1.406,
7,inkling-small,fella,fqa-subs-cheapest,text-min,1,1.0,0.8,0,3556,66,1,0,1.139,
7,inkling-small,fella,fqa-subs-inactive-count,num-filter,1,1.0,0.8,0,3155,47,1,0,0.889,
7,inkling-small,fella,fqa-subs-top-category,cat-groupby,1,1.0,0.8,0,3253,83,1,0,1.163,
7,inkling-small,fella,fqa-trip-avg-nights,num-avg,1,1.0,0.6,0,3163,71,1,1,1.106,
7,inkling-small,fella,fqa-trip-countries,distinct-count,1,1.0,0.8,0,3143,48,1,0,0.8,
7,inkling-small,fella,fqa-trip-leisure-nights,cat-filter,1,1.0,0.8,0,3749,111,1,0,1.262,
7,inkling-small,fella,fqa-trip-longest,text-max,1,1.0,0.8,0,3525,58,1,0,1.116,
7,inkling-small,fella,fqa-trip-total-nights,num-aggregate,1,1.0,0.8,0,3147,63,1,0,0.883,
7,inkling-small,fella,fqa-xf-contacts-nights,mf-join-aggregate,1,1.0,0.66,1,5338,189,1,1,1.851,
7,inkling-small,fella,fqa-xf-contacts-visited,mf-join-filter,1,1.0,0.8,0,3574,139,1,0,1.318,
7,inkling-small,fella,fqa-xf-dining-cap-months,mf-doc-join,1,1.0,0.8,1,7572,229,3,0,2.419,
7,inkling-small,fella,fqa-xf-lease-vs-spend,mf-doc-join,1,1.0,0.73,0,6404,194,2,1,3.731,
7,inkling-small,fella,fqa-xf-nationality-pages,mf-join-groupby,1,1.0,0.8,0,3646,96,1,0,1.033,
7,inkling-small,fella,fqa-xf-run-goal,mf-doc-join,1,1.0,0.7,0,5569,131,2,1,1.748,
7,inkling-small,fella,fqa-xf-sleep-screen,mf-join-aggregate,1,1.0,0.6567,0,3529,138,1,1,1.264,
8,gemini-3.8-flash,bare,fqa-contacts-close-count,cat-filter,1,1.0,0.71,0,383,129,0,0,1.587,
8,gemini-3.8-flash,bare,fqa-contacts-countries,distinct-count,1,1.0,0.71,0,1434,109,0,0,1.497,
8,gemini-3.8-flash,bare,fqa-contacts-out-of-touch,text-max,1,1.0,0.8,0,380,99,0,0,1.932,
8,gemini-3.8-flash,bare,fqa-fin-avg-month-2024,num-avg,0,0.0,0.4733,0,3579,987,0,0,5.712,
8,gemini-3.8-flash,bare,fqa-fin-groceries-delta,num-multistep,1,1.0,0.71,0,2530,988,0,0,6.018,
8,gemini-3.8-flash,bare,fqa-fin-peak-month-2024,temporal-max,1,1.0,0.71,0,3623,987,0,0,6.09,
8,gemini-3.8-flash,bare,fqa-fin-q1-2024,num-filter,1,1.0,0.71,0,2528,988,0,0,5.755,
8,gemini-3.8-flash,bare,fqa-fin-rent-2024,num-filter,1,1.0,0.71,0,2520,989,0,0,6.526,
8,gemini-3.8-flash,bare,fqa-fin-second-cat,cat-rank,1,1.0,0.8,0,2520,234,0,0,2.821,
8,gemini-3.8-flash,bare,fqa-fin-top-cat,cat-groupby,1,1.0,0.8,0,2518,82,0,0,1.743,
8,gemini-3.8-flash,bare,fqa-fin-total-2024,num-aggregate,1,0.6667,0.4733,0,2520,999,0,0,6.404,
8,gemini-3.8-flash,bare,fqa-fin-yoy,num-multistep,0,0.0,0.0,0,2533,991,0,0,8.759,
8,gemini-3.8-flash,bare,fqa-fit-avg-session,num-avg,1,0.6667,0.4733,0,1840,987,0,0,5.698,
8,gemini-3.8-flash,bare,fqa-fit-distinct-activities,distinct-count,1,1.0,0.71,0,1840,92,0,0,1.705,
8,gemini-3.8-flash,bare,fqa-fit-longest,num-max,1,1.0,0.71,0,1838,769,0,0,4.832,
8,gemini-3.8-flash,bare,fqa-fit-run-count,num-filter,1,1.0,0.71,0,1837,836,0,0,5.649,
8,gemini-3.8-flash,bare,fqa-fit-run-km,num-filter,1,0.6667,0.4733,0,1837,987,0,0,6.018,
8,gemini-3.8-flash,bare,fqa-fit-top-activity,cat-groupby,1,1.0,0.8,0,1838,983,0,0,6.409,
8,gemini-3.8-flash,bare,fqa-fit-total-distance,num-aggregate,0,0.0,0.0,0,2898,987,0,0,5.44,
8,gemini-3.8-flash,bare,fqa-fit-total-min,num-aggregate,1,1.0,0.71,0,1931,984,0,0,10.437,
8,gemini-3.8-flash,bare,fqa-goals-most-behind,text-lookup,1,1.0,0.8,0,195,61,0,0,1.78,
8,gemini-3.8-flash,bare,fqa-jrnl-apr19,text-lookup,1,1.0,0.8,0,280,153,0,0,2.933,
8,gemini-3.8-flash,bare,fqa-jrnl-entries,text-count,1,1.0,0.71,0,1322,122,0,0,1.776,
8,gemini-3.8-flash,bare,fqa-jrnl-kyoto,text-search,1,1.0,0.8,0,271,94,0,0,2.341,
8,gemini-3.8-flash,bare,fqa-jrnl-stressed,text-count,1,1.0,0.71,0,273,164,0,0,2.477,
8,gemini-3.8-flash,bare,fqa-mf-most-over-budget,mf-join-compare,1,1.0,0.8,0,2597,983,0,0,6.509,
8,gemini-3.8-flash,bare,fqa-mf-pages-british,mf-join-aggregate,1,1.0,0.71,0,401,109,0,0,2.197,
8,gemini-3.8-flash,bare,fqa-mf-rent-vs-budget,mf-join-compare,1,1.0,0.71,0,2627,989,0,0,8.771,
8,gemini-3.8-flash,bare,fqa-mf-run-days-minutes,mf-doc-join,1,1.0,0.71,0,2054,919,0,0,6.56,
8,gemini-3.8-flash,bare,fqa-notool,no-tool,1,1.0,0.8,0,68,941,0,0,6.824,
8,gemini-3.8-flash,bare,fqa-pdf-deposit,text-lookup,1,1.0,0.71,0,585,72,0,0,5.102,
8,gemini-3.8-flash,bare,fqa-pdf-parking,text-lookup,1,1.0,0.71,0,1641,51,0,0,3.845,
8,gemini-3.8-flash,bare,fqa-pdf-rent,text-lookup,1,1.0,0.71,0,584,71,0,0,5.255,
8,gemini-3.8-flash,bare,fqa-read-avg-rating,num-avg,1,1.0,0.71,0,328,138,0,0,2.141,
8,gemini-3.8-flash,bare,fqa-read-finished-count,bool-filter,1,1.0,0.71,0,325,106,0,0,6.31,
8,gemini-3.8-flash,bare,fqa-read-finished-pages,num-aggregate,1,1.0,0.71,0,329,253,0,0,2.682,
8,gemini-3.8-flash,bare,fqa-read-genres,distinct-count,1,1.0,0.71,0,1439,118,0,0,2.094,
8,gemini-3.8-flash,bare,fqa-read-longest,text-max,1,1.0,0.8,0,328,137,0,0,2.221,
8,gemini-3.8-flash,bare,fqa-read-rated5,num-filter,1,1.0,0.71,0,324,152,0,0,1.723,
8,gemini-3.8-flash,bare,fqa-read-top-genre-pages,cat-groupby,1,1.0,0.8,0,334,189,0,0,5.573,
8,gemini-3.8-flash,bare,fqa-read-unfinished,text-list,1,1.0,0.8,0,326,126,0,0,2.341,
8,gemini-3.8-flash,bare,fqa-refusal,refusal,1,1.0,0.8,0,330,142,0,0,1.983,
8,gemini-3.8-flash,bare,fqa-screen-days-over-150,num-filter,0,0.0,0.0,0,5866,1020,0,0,6.362,
8,gemini-3.8-flash,bare,fqa-screen-second-app,cat-rank,1,1.0,0.8,0,6913,984,0,0,6.478,
8,gemini-3.8-flash,bare,fqa-screen-top-app,cat-groupby,1,1.0,0.8,0,5856,884,0,0,6.938,
8,gemini-3.8-flash,bare,fqa-screen-total,num-aggregate,0,0.3333,0.2367,0,5858,983,0,0,7.184,
8,gemini-3.8-flash,bare,fqa-sleep-at-least-8,num-filter,1,1.0,0.71,0,1882,720,0,0,3.934,
8,gemini-3.8-flash,bare,fqa-sleep-avg-hours,num-avg,1,1.0,0.71,0,1880,986,0,0,6.09,
8,gemini-3.8-flash,bare,fqa-subs-active-cost,num-filter,0,0.0,0.3,0,94,170,0,0,2.363,
8,gemini-3.8-flash,bare,fqa-subs-cheapest,text-min,0,0.0,0.8,0,1143,169,0,0,3.394,
8,gemini-3.8-flash,bare,fqa-subs-inactive-count,num-filter,0,0.0,0.3,0,90,165,0,0,1.913,
8,gemini-3.8-flash,bare,fqa-subs-top-category,cat-groupby,0,0.0,0.8,0,98,148,0,0,4.119,
8,gemini-3.8-flash,bare,fqa-trip-avg-nights,num-avg,1,1.0,0.71,0,154,315,0,0,2.588,
8,gemini-3.8-flash,bare,fqa-trip-countries,distinct-count,1,1.0,0.71,0,153,71,0,0,5.051,
8,gemini-3.8-flash,bare,fqa-trip-leisure-nights,cat-filter,1,1.0,0.71,0,155,384,0,0,3.805,
8,gemini-3.8-flash,bare,fqa-trip-longest,text-max,1,1.0,0.8,0,1202,146,0,0,1.891,
8,gemini-3.8-flash,bare,fqa-trip-total-nights,num-aggregate,1,1.0,0.71,0,152,126,0,0,2.264,
8,gemini-3.8-flash,bare,fqa-xf-contacts-nights,mf-join-aggregate,1,1.0,0.71,0,1541,358,0,0,2.916,
8,gemini-3.8-flash,bare,fqa-xf-contacts-visited,mf-join-filter,1,1.0,0.8,0,474,160,0,0,1.888,
8,gemini-3.8-flash,bare,fqa-xf-dining-cap-months,mf-doc-join,1,1.0,0.71,0,2666,624,0,0,5.462,
8,gemini-3.8-flash,bare,fqa-xf-lease-vs-spend,mf-doc-join,1,1.0,0.71,0,3072,988,0,0,5.662,
8,gemini-3.8-flash,bare,fqa-xf-nationality-pages,mf-join-groupby,1,1.0,0.8,0,397,408,0,0,3.107,
8,gemini-3.8-flash,bare,fqa-xf-run-goal,mf-doc-join,0,0.3333,0.2367,0,1975,1009,0,0,6.258,
8,gemini-3.8-flash,bare,fqa-xf-sleep-screen,mf-join-aggregate,0,0.0,0.0,0,7687,1000,0,0,5.693,
8,gemini-3.8-flash,fella,fqa-contacts-close-count,cat-filter,1,1.0,0.8,0,2947,117,1,0,4.4,
8,gemini-3.8-flash,fella,fqa-contacts-countries,distinct-count,1,1.0,0.8,0,3354,114,1,0,6.312,
8,gemini-3.8-flash,fella,fqa-contacts-out-of-touch,text-max,1,1.0,0.8,0,3034,163,1,0,4.175,
8,gemini-3.8-flash,fella,fqa-fin-avg-month-2024,num-avg,1,1.0,0.8,0,3582,243,1,0,3.86,
8,gemini-3.8-flash,fella,fqa-fin-groceries-delta,num-multistep,1,1.0,0.8,0,4636,383,2,0,9.131,
8,gemini-3.8-flash,fella,fqa-fin-peak-month-2024,temporal-max,1,1.0,0.68,0,3761,214,1,0,5.401,
8,gemini-3.8-flash,fella,fqa-fin-q1-2024,num-filter,1,1.0,0.8,0,3089,217,1,0,6.027,
8,gemini-3.8-flash,fella,fqa-fin-rent-2024,num-filter,1,1.0,0.8,0,3275,193,1,0,15.688,
8,gemini-3.8-flash,fella,fqa-fin-second-cat,cat-rank,1,1.0,0.8,0,3066,198,1,0,6.635,
8,gemini-3.8-flash,fella,fqa-fin-top-cat,cat-groupby,1,1.0,0.8,0,3265,154,1,0,14.831,
8,gemini-3.8-flash,fella,fqa-fin-total-2024,num-aggregate,1,1.0,0.8,0,3016,203,1,0,6.443,
8,gemini-3.8-flash,fella,fqa-fin-yoy,num-multistep,1,1.0,0.775,0,4197,476,1,1,12.074,
8,gemini-3.8-flash,fella,fqa-fit-avg-session,num-avg,1,1.0,0.7667,0,2997,144,1,1,5.931,
8,gemini-3.8-flash,fella,fqa-fit-distinct-activities,distinct-count,1,1.0,0.8,0,2990,131,1,0,5.888,
8,gemini-3.8-flash,fella,fqa-fit-longest,num-max,1,1.0,0.7065,0,3107,182,1,0,6.616,
8,gemini-3.8-flash,fella,fqa-fit-run-count,num-filter,1,1.0,0.8,0,3129,133,1,0,11.441,
8,gemini-3.8-flash,fella,fqa-fit-run-km,num-filter,1,1.0,0.8,0,3089,180,1,0,7.405,
8,gemini-3.8-flash,fella,fqa-fit-top-activity,cat-groupby,1,1.0,0.8,0,3055,155,1,0,3.517,
8,gemini-3.8-flash,fella,fqa-fit-total-distance,num-aggregate,1,1.0,0.8,0,3533,157,1,0,5.189,
8,gemini-3.8-flash,fella,fqa-fit-total-min,num-aggregate,1,1.0,0.8,0,3120,104,1,0,10.35,
8,gemini-3.8-flash,fella,fqa-goals-most-behind,text-lookup,1,1.0,0.8,0,2720,139,1,0,3.554,
8,gemini-3.8-flash,fella,fqa-jrnl-apr19,text-lookup,1,1.0,0.6,0,2690,219,1,0,7.739,
8,gemini-3.8-flash,fella,fqa-jrnl-entries,text-count,1,0.6667,0.6333,0,3820,254,1,0,6.518,
8,gemini-3.8-flash,fella,fqa-jrnl-kyoto,text-search,1,1.0,0.725,0,2726,194,1,0,6.041,
8,gemini-3.8-flash,fella,fqa-jrnl-stressed,text-count,1,1.0,0.8,0,3287,204,1,0,3.79,
8,gemini-3.8-flash,fella,fqa-mf-most-over-budget,mf-join-compare,1,1.0,0.8,0,3621,336,1,0,5.271,
8,gemini-3.8-flash,fella,fqa-mf-pages-british,mf-join-aggregate,1,1.0,0.8,0,4153,228,1,0,24.854,
8,gemini-3.8-flash,fella,fqa-mf-rent-vs-budget,mf-join-compare,1,1.0,0.78,0,3489,440,1,1,5.5,
8,gemini-3.8-flash,fella,fqa-mf-run-days-minutes,mf-doc-join,1,1.0,0.8,0,5992,337,2,0,15.407,
8,gemini-3.8-flash,fella,fqa-notool,no-tool,1,1.0,0.8,0,1253,224,0,0,2.701,
8,gemini-3.8-flash,fella,fqa-pdf-deposit,text-lookup,1,1.0,0.8,0,2692,97,1,0,5.296,
8,gemini-3.8-flash,fella,fqa-pdf-parking,text-lookup,1,1.0,0.8,0,3262,145,1,0,5.894,
8,gemini-3.8-flash,fella,fqa-pdf-rent,text-lookup,1,1.0,0.8,0,2690,107,1,0,4.63,
8,gemini-3.8-flash,fella,fqa-read-avg-rating,num-avg,1,1.0,0.8,0,3183,139,1,0,3.279,
8,gemini-3.8-flash,fella,fqa-read-finished-count,bool-filter,1,1.0,0.8,0,3202,112,1,0,10.413,
8,gemini-3.8-flash,fella,fqa-read-finished-pages,num-aggregate,1,1.0,0.8,0,3172,157,1,0,4.064,
8,gemini-3.8-flash,fella,fqa-read-genres,distinct-count,1,1.0,0.8,0,3817,124,1,0,7.765,
8,gemini-3.8-flash,fella,fqa-read-longest,text-max,1,1.0,0.8,0,3254,89,1,0,11.038,
8,gemini-3.8-flash,fella,fqa-read-rated5,num-filter,1,1.0,0.6667,0,4197,281,1,1,7.447,
8,gemini-3.8-flash,fella,fqa-read-top-genre-pages,cat-groupby,1,1.0,0.8,0,3388,164,1,0,14.005,
8,gemini-3.8-flash,fella,fqa-read-unfinished,text-list,1,1.0,0.8,0,3169,143,1,0,3.628,
8,gemini-3.8-flash,fella,fqa-refusal,refusal,0,0.0,0.8,0,3222,789,1,0,8.691,
8,gemini-3.8-flash,fella,fqa-screen-days-over-150,num-filter,1,1.0,0.65,0,2881,242,1,1,3.996,
8,gemini-3.8-flash,fella,fqa-screen-second-app,cat-rank,1,1.0,0.8,0,3600,195,1,0,8.916,
8,gemini-3.8-flash,fella,fqa-screen-top-app,cat-groupby,1,1.0,0.75,0,3013,146,1,1,3.64,
8,gemini-3.8-flash,fella,fqa-screen-total,num-aggregate,1,1.0,0.8,0,3086,124,1,0,11.196,
8,gemini-3.8-flash,fella,fqa-sleep-at-least-8,num-filter,1,1.0,0.8,0,2941,151,1,0,3.285,
8,gemini-3.8-flash,fella,fqa-sleep-avg-hours,num-avg,1,1.0,0.8,0,3005,130,1,0,9.693,
8,gemini-3.8-flash,fella,fqa-subs-active-cost,num-filter,1,1.0,0.8,0,3045,135,1,0,11.301,
8,gemini-3.8-flash,fella,fqa-subs-cheapest,text-min,1,1.0,0.8,0,3392,147,1,0,7.143,
8,gemini-3.8-flash,fella,fqa-subs-inactive-count,num-filter,1,1.0,0.8,0,2928,121,1,0,6.105,
8,gemini-3.8-flash,fella,fqa-subs-top-category,cat-groupby,1,1.0,0.8,0,3097,201,1,0,9.8,
8,gemini-3.8-flash,fella,fqa-trip-avg-nights,num-avg,1,1.0,0.8,0,2999,150,1,0,10.185,
8,gemini-3.8-flash,fella,fqa-trip-countries,distinct-count,1,1.0,0.8,0,2958,134,1,0,9.508,
8,gemini-3.8-flash,fella,fqa-trip-leisure-nights,cat-filter,1,1.0,0.8,0,2937,147,1,0,8.528,
8,gemini-3.8-flash,fella,fqa-trip-longest,text-max,1,1.0,0.8,0,3458,143,1,0,7.841,
8,gemini-3.8-flash,fella,fqa-trip-total-nights,num-aggregate,1,1.0,0.8,0,2898,148,1,0,4.306,
8,gemini-3.8-flash,fella,fqa-xf-contacts-nights,mf-join-aggregate,1,1.0,0.8,0,3741,181,1,0,4.243,
8,gemini-3.8-flash,fella,fqa-xf-contacts-visited,mf-join-filter,1,1.0,0.8,0,3415,334,1,0,6.238,
8,gemini-3.8-flash,fella,fqa-xf-dining-cap-months,mf-doc-join,1,1.0,0.8,0,3562,297,1,0,4.892,
8,gemini-3.8-flash,fella,fqa-xf-lease-vs-spend,mf-doc-join,1,1.0,0.75,0,3877,380,1,1,12.065,
8,gemini-3.8-flash,fella,fqa-xf-nationality-pages,mf-join-groupby,1,1.0,0.8,0,3545,165,1,0,10.059,
8,gemini-3.8-flash,fella,fqa-xf-run-goal,mf-doc-join,1,1.0,0.8,0,4892,299,2,0,8.024,
8,gemini-3.8-flash,fella,fqa-xf-sleep-screen,mf-join-aggregate,1,1.0,0.65,0,3709,279,1,1,19.112,
9,deepseek-v4-pro-0813,bare,fqa-contacts-close-count,cat-filter,1,0.6667,0.5733,0,403,364,0,0,3.396,
9,deepseek-v4-pro-0813,bare,fqa-contacts-countries,distinct-count,1,1.0,0.71,0,1256,44,0,0,2.519,
9,deepseek-v4-pro-0813,bare,fqa-contacts-out-of-touch,text-max,1,1.0,0.8,0,373,61,0,0,1.51,
9,deepseek-v4-pro-0813,bare,fqa-fin-avg-month-2024,num-avg,0,0.3333,0.4367,0,2776,992,0,0,16.236,
9,deepseek-v4-pro-0813,bare,fqa-fin-groceries-delta,num-multistep,1,1.0,0.71,0,1949,634,0,0,10.82,
9,deepseek-v4-pro-0813,bare,fqa-fin-peak-month-2024,temporal-max,0,0.3333,0.77,0,2818,932,0,0,16.16,
9,deepseek-v4-pro-0813,bare,fqa-fin-q1-2024,num-filter,1,1.0,0.71,0,1949,427,0,0,7.641,
9,deepseek-v4-pro-0813,bare,fqa-fin-rent-2024,num-filter,1,1.0,0.71,0,1941,315,0,0,5.513,
9,deepseek-v4-pro-0813,bare,fqa-fin-second-cat,cat-rank,0,0.0,0.8,0,1944,1024,0,0,15.658,
9,deepseek-v4-pro-0813,bare,fqa-fin-top-cat,cat-groupby,0,0.3333,0.8,0,1941,1013,0,0,17.336,
9,deepseek-v4-pro-0813,bare,fqa-fin-total-2024,num-aggregate,0,0.0,0.2,0,1888,685,0,0,6.813,
9,deepseek-v4-pro-0813,bare,fqa-fin-yoy,num-multistep,0,0.0,0.3,0,1952,1024,0,0,15.49,
9,deepseek-v4-pro-0813,bare,fqa-fit-avg-session,num-avg,0,0.3333,0.1,0,1484,344,0,0,6.035,
9,deepseek-v4-pro-0813,bare,fqa-fit-distinct-activities,distinct-count,0,0.0,0.0,0,1484,2,0,0,2.019,
9,deepseek-v4-pro-0813,bare,fqa-fit-longest,num-max,1,1.0,0.71,0,1482,463,0,0,8.327,
9,deepseek-v4-pro-0813,bare,fqa-fit-run-count,num-filter,1,0.6667,0.5733,0,1481,763,0,0,13.333,
9,deepseek-v4-pro-0813,bare,fqa-fit-run-km,num-filter,1,0.6667,0.4733,0,1481,408,0,0,3.865,
9,deepseek-v4-pro-0813,bare,fqa-fit-top-activity,cat-groupby,0,0.0,0.8,0,1482,3,0,0,0.703,
9,deepseek-v4-pro-0813,bare,fqa-fit-total-distance,num-aggregate,0,0.0,0.3,0,2344,1024,0,0,8.519,
9,deepseek-v4-pro-0813,bare,fqa-fit-total-min,num-aggregate,0,0.0,0.3,0,1535,1024,0,0,10.413,
9,deepseek-v4-pro-0813,bare,fqa-goals-most-behind,text-lookup,1,1.0,0.8,0,236,48,0,0,1.212,
9,deepseek-v4-pro-0813,bare,fqa-jrnl-apr19,text-lookup,1,1.0,0.8,0,298,92,0,0,1.729,
9,deepseek-v4-pro-0813,bare,fqa-jrnl-entries,text-count,1,1.0,0.71,0,1147,89,0,0,2.912,
9,deepseek-v4-pro-0813,bare,fqa-jrnl-kyoto,text-search,1,1.0,0.8,0,293,48,0,0,2.488,
9,deepseek-v4-pro-0813,bare,fqa-jrnl-stressed,text-count,1,1.0,0.71,0,269,24,0,0,1.984,
9,deepseek-v4-pro-0813,bare,fqa-mf-most-over-budget,mf-join-compare,0,0.0,0.8,0,2013,1024,0,0,16.122,
9,deepseek-v4-pro-0813,bare,fqa-mf-pages-british,mf-join-aggregate,1,1.0,0.71,0,468,86,0,0,3.178,
9,deepseek-v4-pro-0813,bare,fqa-mf-rent-vs-budget,mf-join-compare,1,1.0,0.71,0,2001,439,0,0,8.258,
9,deepseek-v4-pro-0813,bare,fqa-mf-run-days-minutes,mf-doc-join,1,0.6667,0.4733,0,1690,177,0,0,1.476,
9,deepseek-v4-pro-0813,bare,fqa-notool,no-tool,1,1.0,0.8,0,124,72,0,0,1.846,
9,deepseek-v4-pro-0813,bare,fqa-pdf-deposit,text-lookup,1,1.0,0.71,0,504,4,0,0,0.687,
9,deepseek-v4-pro-0813,bare,fqa-pdf-parking,text-lookup,1,1.0,0.71,0,1388,30,0,0,1.722,
9,deepseek-v4-pro-0813,bare,fqa-pdf-rent,text-lookup,1,1.0,0.71,0,529,21,0,0,1.29,
9,deepseek-v4-pro-0813,bare,fqa-read-avg-rating,num-avg,1,1.0,0.71,0,330,53,0,0,1.804,
9,deepseek-v4-pro-0813,bare,fqa-read-finished-count,bool-filter,1,1.0,0.71,0,351,47,0,0,1.768,
9,deepseek-v4-pro-0813,bare,fqa-read-finished-pages,num-aggregate,1,1.0,0.71,0,332,63,0,0,1.686,
9,deepseek-v4-pro-0813,bare,fqa-read-genres,distinct-count,1,1.0,0.71,0,1284,140,0,0,3.399,
9,deepseek-v4-pro-0813,bare,fqa-read-longest,text-max,1,1.0,0.8,0,384,106,0,0,2.565,
9,deepseek-v4-pro-0813,bare,fqa-read-rated5,num-filter,1,1.0,0.71,0,327,33,0,0,1.733,
9,deepseek-v4-pro-0813,bare,fqa-read-top-genre-pages,cat-groupby,1,1.0,0.8,0,360,143,0,0,2.563,
9,deepseek-v4-pro-0813,bare,fqa-read-unfinished,text-list,1,1.0,0.8,0,355,52,0,0,1.426,
9,deepseek-v4-pro-0813,bare,fqa-refusal,refusal,0,0.3333,0.8,0,359,866,0,0,15.371,
9,deepseek-v4-pro-0813,bare,fqa-screen-days-over-150,num-filter,0,0.0,0.0,0,4477,2,0,0,0.746,
9,deepseek-v4-pro-0813,bare,fqa-screen-second-app,cat-rank,1,1.0,0.8,0,5301,2,0,0,0.785,
9,deepseek-v4-pro-0813,bare,fqa-screen-top-app,cat-groupby,1,1.0,0.8,0,4469,3,0,0,1.092,
9,deepseek-v4-pro-0813,bare,fqa-screen-total,num-aggregate,0,0.0,0.0,0,4471,63,0,0,1.649,
9,deepseek-v4-pro-0813,bare,fqa-sleep-at-least-8,num-filter,1,0.6667,0.5733,0,1661,827,0,0,9.013,
9,deepseek-v4-pro-0813,bare,fqa-sleep-avg-hours,num-avg,0,0.3333,0.4367,0,1632,684,0,0,6.515,
9,deepseek-v4-pro-0813,bare,fqa-subs-active-cost,num-filter,0,0.0,0.3,0,120,54,0,0,1.574,
9,deepseek-v4-pro-0813,bare,fqa-subs-cheapest,text-min,0,0.0,0.8,0,919,78,0,0,1.518,
9,deepseek-v4-pro-0813,bare,fqa-subs-inactive-count,num-filter,0,0.0,0.3,0,116,44,0,0,1.704,
9,deepseek-v4-pro-0813,bare,fqa-subs-top-category,cat-groupby,0,0.3333,0.8,0,150,160,0,0,4.248,
9,deepseek-v4-pro-0813,bare,fqa-trip-avg-nights,num-avg,0,0.3333,0.71,0,167,40,0,0,0.985,
9,deepseek-v4-pro-0813,bare,fqa-trip-countries,distinct-count,1,1.0,0.71,0,242,36,0,0,1.744,
9,deepseek-v4-pro-0813,bare,fqa-trip-leisure-nights,cat-filter,1,1.0,0.71,0,247,96,0,0,2.695,
9,deepseek-v4-pro-0813,bare,fqa-trip-longest,text-max,1,1.0,0.8,0,1017,49,0,0,1.051,
9,deepseek-v4-pro-0813,bare,fqa-trip-total-nights,num-aggregate,1,0.6667,0.4733,0,191,40,0,0,1.22,
9,deepseek-v4-pro-0813,bare,fqa-xf-contacts-nights,mf-join-aggregate,1,1.0,0.71,0,1371,213,0,0,4.979,
9,deepseek-v4-pro-0813,bare,fqa-xf-contacts-visited,mf-join-filter,1,1.0,0.8,0,528,167,0,0,3.864,
9,deepseek-v4-pro-0813,bare,fqa-xf-dining-cap-months,mf-doc-join,1,0.6667,0.4733,0,2042,178,0,0,4.461,
9,deepseek-v4-pro-0813,bare,fqa-xf-lease-vs-spend,mf-doc-join,0,0.0,0.0,0,2329,6,0,0,0.758,
9,deepseek-v4-pro-0813,bare,fqa-xf-nationality-pages,mf-join-groupby,1,1.0,0.8,0,411,133,0,0,2.244,
9,deepseek-v4-pro-0813,bare,fqa-xf-run-goal,mf-doc-join,0,0.0,0.2,0,1655,684,0,0,10.16,
9,deepseek-v4-pro-0813,bare,fqa-xf-sleep-screen,mf-join-aggregate,0,0.0,0.3,0,6074,1024,0,0,15.556,
9,deepseek-v4-pro-0813,fella,fqa-contacts-close-count,cat-filter,1,1.0,0.8,0,4071,120,1,0,4.583,
9,deepseek-v4-pro-0813,fella,fqa-contacts-countries,distinct-count,1,1.0,0.8,0,4419,114,1,0,4.647,
9,deepseek-v4-pro-0813,fella,fqa-contacts-out-of-touch,text-max,1,1.0,0.8,0,4101,136,1,0,4.942,
9,deepseek-v4-pro-0813,fella,fqa-fin-avg-month-2024,num-avg,1,1.0,0.8,0,4561,181,1,0,4.811,
9,deepseek-v4-pro-0813,fella,fqa-fin-groceries-delta,num-multistep,1,1.0,0.74,0,3984,216,1,1,5.189,
9,deepseek-v4-pro-0813,fella,fqa-fin-peak-month-2024,temporal-max,1,1.0,0.8,0,4712,162,1,0,5.168,
9,deepseek-v4-pro-0813,fella,fqa-fin-q1-2024,num-filter,1,1.0,0.8,0,4126,164,1,0,5.241,
9,deepseek-v4-pro-0813,fella,fqa-fin-rent-2024,num-filter,1,1.0,0.8,0,4101,147,1,0,5.329,
9,deepseek-v4-pro-0813,fella,fqa-fin-second-cat,cat-rank,1,1.0,0.8,0,4131,159,1,0,5.026,
9,deepseek-v4-pro-0813,fella,fqa-fin-top-cat,cat-groupby,1,1.0,0.8,0,4098,155,1,0,5.235,
9,deepseek-v4-pro-0813,fella,fqa-fin-total-2024,num-aggregate,1,1.0,0.8,0,4082,144,1,0,7.615,
9,deepseek-v4-pro-0813,fella,fqa-fin-yoy,num-multistep,1,1.0,0.7457,0,3975,213,1,1,5.504,
9,deepseek-v4-pro-0813,fella,fqa-fit-avg-session,num-avg,1,1.0,0.8,0,4089,258,1,0,6.544,
9,deepseek-v4-pro-0813,fella,fqa-fit-distinct-activities,distinct-count,1,1.0,0.8,0,4089,126,1,0,4.513,
9,deepseek-v4-pro-0813,fella,fqa-fit-longest,num-max,1,1.0,0.73,0,4119,150,1,0,5.388,
9,deepseek-v4-pro-0813,fella,fqa-fit-run-count,num-filter,1,1.0,0.8,0,4074,129,1,0,4.415,
9,deepseek-v4-pro-0813,fella,fqa-fit-run-km,num-filter,1,1.0,0.8,0,4108,134,1,0,5.392,
9,deepseek-v4-pro-0813,fella,fqa-fit-top-activity,cat-groupby,1,1.0,0.8,0,4134,145,1,0,5.367,
9,deepseek-v4-pro-0813,fella,fqa-fit-total-distance,num-aggregate,1,1.0,0.8,0,4546,129,1,0,4.906,
9,deepseek-v4-pro-0813,fella,fqa-fit-total-min,num-aggregate,1,1.0,0.8,0,4075,111,1,0,4.554,
9,deepseek-v4-pro-0813,fella,fqa-goals-most-behind,text-lookup,1,1.0,0.8,0,3831,133,1,0,4.818,
9,deepseek-v4-pro-0813,fella,fqa-jrnl-apr19,text-lookup,1,1.0,0.6667,0,3818,129,1,0,4.064,
9,deepseek-v4-pro-0813,fella,fqa-jrnl-entries,text-count,1,1.0,0.8,0,4263,117,1,0,4.351,
9,deepseek-v4-pro-0813,fella,fqa-jrnl-kyoto,text-search,1,1.0,0.7,0,3844,176,1,0,5.641,
9,deepseek-v4-pro-0813,fella,fqa-jrnl-stressed,text-count,1,1.0,0.8,0,4579,172,1,0,5.515,
9,deepseek-v4-pro-0813,fella,fqa-mf-most-over-budget,mf-join-compare,1,1.0,0.8,0,4629,242,1,0,6.162,
9,deepseek-v4-pro-0813,fella,fqa-mf-pages-british,mf-join-aggregate,1,1.0,0.8,0,4524,162,1,0,5.387,
9,deepseek-v4-pro-0813,fella,fqa-mf-rent-vs-budget,mf-join-compare,1,1.0,0.8,0,4487,262,1,0,5.975,
9,deepseek-v4-pro-0813,fella,fqa-mf-run-days-minutes,mf-doc-join,1,1.0,0.8,0,6760,324,2,0,9.05,
9,deepseek-v4-pro-0813,fella,fqa-notool,no-tool,1,1.0,0.8,0,1802,94,0,0,3.287,
9,deepseek-v4-pro-0813,fella,fqa-pdf-deposit,text-lookup,1,1.0,0.6,0,3774,120,1,0,4.68,
9,deepseek-v4-pro-0813,fella,fqa-pdf-parking,text-lookup,1,1.0,0.8,0,4308,98,1,0,4.633,
9,deepseek-v4-pro-0813,fella,fqa-pdf-rent,text-lookup,1,1.0,0.8,0,3788,103,1,0,4.79,
9,deepseek-v4-pro-0813,fella,fqa-read-avg-rating,num-avg,1,1.0,0.8,0,4277,154,1,0,4.752,
9,deepseek-v4-pro-0813,fella,fqa-read-finished-count,bool-filter,1,1.0,0.8,0,4226,108,1,0,4.455,
9,deepseek-v4-pro-0813,fella,fqa-read-finished-pages,num-aggregate,1,1.0,0.8,0,4263,128,1,0,5.193,
9,deepseek-v4-pro-0813,fella,fqa-read-genres,distinct-count,1,1.0,0.8,0,4784,140,1,0,4.437,
9,deepseek-v4-pro-0813,fella,fqa-read-longest,text-max,1,1.0,0.8,0,4267,142,1,0,5.091,
9,deepseek-v4-pro-0813,fella,fqa-read-rated5,num-filter,1,1.0,0.7,0,4105,120,1,1,6.521,
9,deepseek-v4-pro-0813,fella,fqa-read-top-genre-pages,cat-groupby,1,1.0,0.8,0,4319,141,1,0,4.829,
9,deepseek-v4-pro-0813,fella,fqa-read-unfinished,text-list,1,1.0,0.8,0,4253,181,1,0,5.616,
9,deepseek-v4-pro-0813,fella,fqa-refusal,refusal,1,1.0,0.8,0,2091,250,0,0,5.349,
9,deepseek-v4-pro-0813,fella,fqa-screen-days-over-150,num-filter,1,1.0,0.8,0,4080,167,1,0,5.432,
9,deepseek-v4-pro-0813,fella,fqa-screen-second-app,cat-rank,1,1.0,0.8,0,4520,160,1,0,5.07,
9,deepseek-v4-pro-0813,fella,fqa-screen-top-app,cat-groupby,1,1.0,0.8,0,4063,146,1,0,4.884,
9,deepseek-v4-pro-0813,fella,fqa-screen-total,num-aggregate,1,1.0,0.8,0,4021,117,1,0,4.678,
9,deepseek-v4-pro-0813,fella,fqa-sleep-at-least-8,num-filter,1,1.0,0.8,0,4043,130,1,0,4.993,
9,deepseek-v4-pro-0813,fella,fqa-sleep-avg-hours,num-avg,1,1.0,0.8,0,4035,126,1,0,4.573,
9,deepseek-v4-pro-0813,fella,fqa-subs-active-cost,num-filter,1,1.0,0.8,0,4085,134,1,0,4.936,
9,deepseek-v4-pro-0813,fella,fqa-subs-cheapest,text-min,1,1.0,0.8,0,4448,148,1,0,6.327,
9,deepseek-v4-pro-0813,fella,fqa-subs-inactive-count,num-filter,1,1.0,0.8,0,4046,111,1,0,5.2,
9,deepseek-v4-pro-0813,fella,fqa-subs-top-category,cat-groupby,1,1.0,0.8,0,4143,157,1,0,5.189,
9,deepseek-v4-pro-0813,fella,fqa-trip-avg-nights,num-avg,1,1.0,0.8,0,4046,130,1,0,4.717,
9,deepseek-v4-pro-0813,fella,fqa-trip-countries,distinct-count,1,1.0,0.8,0,4022,123,1,0,5.192,
9,deepseek-v4-pro-0813,fella,fqa-trip-leisure-nights,cat-filter,1,1.0,0.8,0,4069,151,1,0,5.005,
9,deepseek-v4-pro-0813,fella,fqa-trip-longest,text-max,1,1.0,0.8,0,4415,138,1,0,4.657,
9,deepseek-v4-pro-0813,fella,fqa-trip-total-nights,num-aggregate,1,1.0,0.8,0,4028,106,1,0,4.856,
9,deepseek-v4-pro-0813,fella,fqa-xf-contacts-nights,mf-join-aggregate,1,1.0,0.8,0,4793,189,1,0,7.477,
9,deepseek-v4-pro-0813,fella,fqa-xf-contacts-visited,mf-join-filter,1,1.0,0.8,0,4521,262,1,0,6.815,
9,deepseek-v4-pro-0813,fella,fqa-xf-dining-cap-months,mf-doc-join,1,1.0,0.8,0,4515,230,1,0,6.687,
9,deepseek-v4-pro-0813,fella,fqa-xf-lease-vs-spend,mf-doc-join,1,1.0,0.7083,0,5966,381,1,1,9.584,
9,deepseek-v4-pro-0813,fella,fqa-xf-nationality-pages,mf-join-groupby,1,1.0,0.8,0,4565,183,1,0,5.454,
9,deepseek-v4-pro-0813,fella,fqa-xf-run-goal,mf-doc-join,1,1.0,0.7,0,4197,253,1,1,6.226,
9,deepseek-v4-pro-0813,fella,fqa-xf-sleep-screen,mf-join-aggregate,1,1.0,0.8,0,4362,305,1,0,7.436,
10,muse-spark-1.3,bare,fqa-contacts-close-count,cat-filter,1,1.0,0.71,0,334,209,0,0,2.729,
10,muse-spark-1.3,bare,fqa-contacts-countries,distinct-count,1,1.0,0.71,0,1111,275,0,0,3.22,
10,muse-spark-1.3,bare,fqa-contacts-out-of-touch,text-max,1,1.0,0.8,0,331,239,0,0,2.606,
10,muse-spark-1.3,bare,fqa-fin-avg-month-2024,num-avg,0,0.3333,0.4367,0,2486,1021,0,0,6.98,
10,muse-spark-1.3,bare,fqa-fin-groceries-delta,num-multistep,1,0.6667,0.5733,0,1709,1006,0,0,7.978,
10,muse-spark-1.3,bare,fqa-fin-peak-month-2024,temporal-max,1,1.0,0.71,0,2519,870,0,0,5.08,
10,muse-spark-1.3,bare,fqa-fin-q1-2024,num-filter,1,1.0,0.71,0,1709,832,0,0,7.378,
10,muse-spark-1.3,bare,fqa-fin-rent-2024,num-filter,1,1.0,0.71,0,1701,788,0,0,5.666,
10,muse-spark-1.3,bare,fqa-fin-second-cat,cat-rank,0,0.3333,0.8,0,1703,788,0,0,5.811,
10,muse-spark-1.3,bare,fqa-fin-top-cat,cat-groupby,1,1.0,0.8,0,1701,574,0,0,5.148,
10,muse-spark-1.3,bare,fqa-fin-total-2024,num-aggregate,0,0.0,0.3,0,1701,1024,0,0,23.521,
10,muse-spark-1.3,bare,fqa-fin-yoy,num-multistep,0,0.0,0.3,0,1712,1024,0,0,5.037,
10,muse-spark-1.3,bare,fqa-fit-avg-session,num-avg,0,0.0,0.3,0,1400,1024,0,0,5.796,
10,muse-spark-1.3,bare,fqa-fit-distinct-activities,distinct-count,1,1.0,0.71,0,1400,649,0,0,3.924,
10,muse-spark-1.3,bare,fqa-fit-longest,num-max,1,1.0,0.71,0,1398,950,0,0,7.985,
10,muse-spark-1.3,bare,fqa-fit-run-count,num-filter,0,0.3333,0.4367,0,1397,932,0,0,5.698,
10,muse-spark-1.3,bare,fqa-fit-run-km,num-filter,0,0.0,0.3,0,1397,1024,0,0,6.585,
10,muse-spark-1.3,bare,fqa-fit-top-activity,cat-groupby,0,0.0,0.8,0,1398,1024,0,0,5.542,
10,muse-spark-1.3,bare,fqa-fit-total-distance,num-aggregate,0,0.0,0.3,0,2184,1024,0,0,4.855,
10,muse-spark-1.3,bare,fqa-fit-total-min,num-aggregate,0,0.0,0.3,0,1398,1024,0,0,5.194,
10,muse-spark-1.3,bare,fqa-goals-most-behind,text-lookup,1,1.0,0.8,0,190,328,0,0,2.821,
10,muse-spark-1.3,bare,fqa-jrnl-apr19,text-lookup,1,1.0,0.8,0,254,558,0,0,6.856,
10,muse-spark-1.3,bare,fqa-jrnl-entries,text-count,1,1.0,0.71,0,1026,262,0,0,2.705,
10,muse-spark-1.3,bare,fqa-jrnl-kyoto,text-search,1,1.0,0.8,0,249,344,0,0,3.132,
10,muse-spark-1.3,bare,fqa-jrnl-stressed,text-count,1,1.0,0.71,0,251,410,0,0,3.448,
10,muse-spark-1.3,bare,fqa-mf-most-over-budget,mf-join-compare,1,0.6667,0.8,0,1764,1020,0,0,5.808,
10,muse-spark-1.3,bare,fqa-mf-pages-british,mf-join-aggregate,1,1.0,0.71,0,374,551,0,0,4.395,
10,muse-spark-1.3,bare,fqa-mf-rent-vs-budget,mf-join-compare,1,1.0,0.71,0,1752,863,0,0,6.854,
10,muse-spark-1.3,bare,fqa-mf-run-days-minutes,mf-doc-join,0,0.3333,0.4367,0,1581,982,0,0,9.702,
10,muse-spark-1.3,bare,fqa-notool,no-tool,1,1.0,0.8,0,78,660,0,0,9.259,
10,muse-spark-1.3,bare,fqa-pdf-deposit,text-lookup,1,1.0,0.71,0,489,285,0,0,5.272,
10,muse-spark-1.3,bare,fqa-pdf-parking,text-lookup,1,1.0,0.71,0,1271,263,0,0,3.28,
10,muse-spark-1.3,bare,fqa-pdf-rent,text-lookup,1,1.0,0.71,0,488,293,0,0,2.945,
10,muse-spark-1.3,bare,fqa-read-avg-rating,num-avg,1,1.0,0.71,0,297,319,0,0,3.856,
10,muse-spark-1.3,bare,fqa-read-finished-count,bool-filter,1,1.0,0.71,0,293,342,0,0,2.88,
10,muse-spark-1.3,bare,fqa-read-finished-pages,num-aggregate,1,1.0,0.71,0,300,421,0,0,4.145,
10,muse-spark-1.3,bare,fqa-read-genres,distinct-count,1,1.0,0.71,0,1140,283,0,0,3.194,
10,muse-spark-1.3,bare,fqa-read-longest,text-max,1,1.0,0.8,0,299,419,0,0,3.572,
10,muse-spark-1.3,bare,fqa-read-rated5,num-filter,1,1.0,0.71,0,295,407,0,0,2.799,
10,muse-spark-1.3,bare,fqa-read-top-genre-pages,cat-groupby,1,1.0,0.8,0,302,380,0,0,3.145,
10,muse-spark-1.3,bare,fqa-read-unfinished,text-list,1,1.0,0.8,0,297,395,0,0,4.13,
10,muse-spark-1.3,bare,fqa-refusal,refusal,1,1.0,0.8,0,301,506,0,0,5.691,
10,muse-spark-1.3,bare,fqa-screen-days-over-150,num-filter,0,0.0,0.3,0,4122,1024,0,0,5.105,
10,muse-spark-1.3,bare,fqa-screen-second-app,cat-rank,0,0.0,0.8,0,4895,1024,0,0,5.498,
10,muse-spark-1.3,bare,fqa-screen-top-app,cat-groupby,0,0.0,0.8,0,4114,1024,0,0,5.378,
10,muse-spark-1.3,bare,fqa-screen-total,num-aggregate,0,0.0,0.3,0,4116,1024,0,0,5.531,
10,muse-spark-1.3,bare,fqa-sleep-at-least-8,num-filter,1,1.0,0.71,0,1589,777,0,0,4.734,
10,muse-spark-1.3,bare,fqa-sleep-avg-hours,num-avg,0,0.0,0.3,0,1587,1024,0,0,6.471,
10,muse-spark-1.3,bare,fqa-subs-active-cost,num-filter,0,0.0,0.3,0,99,454,0,0,5.27,
10,muse-spark-1.3,bare,fqa-subs-cheapest,text-min,0,0.0,0.8,0,874,642,0,0,6.998,
10,muse-spark-1.3,bare,fqa-subs-inactive-count,num-filter,0,0.0,0.3,0,95,480,0,0,6.137,
10,muse-spark-1.3,bare,fqa-subs-top-category,cat-groupby,0,0.0,0.8,0,103,438,0,0,7.623,
10,muse-spark-1.3,bare,fqa-trip-avg-nights,num-avg,1,1.0,0.71,0,169,870,0,0,8.725,
10,muse-spark-1.3,bare,fqa-trip-countries,distinct-count,1,1.0,0.71,0,165,351,0,0,3.51,
10,muse-spark-1.3,bare,fqa-trip-leisure-nights,cat-filter,1,1.0,0.71,0,170,379,0,0,3.016,
10,muse-spark-1.3,bare,fqa-trip-longest,text-max,1,1.0,0.8,0,943,307,0,0,3.189,
10,muse-spark-1.3,bare,fqa-trip-total-nights,num-aggregate,1,1.0,0.71,0,167,355,0,0,2.82,
10,muse-spark-1.3,bare,fqa-xf-contacts-nights,mf-join-aggregate,1,1.0,0.71,0,1221,488,0,0,4.03,
10,muse-spark-1.3,bare,fqa-xf-contacts-visited,mf-join-filter,1,1.0,0.8,0,428,485,0,0,4.781,
10,muse-spark-1.3,bare,fqa-xf-dining-cap-months,mf-doc-join,1,1.0,0.71,0,1829,504,0,0,5.338,
10,muse-spark-1.3,bare,fqa-xf-lease-vs-spend,mf-doc-join,1,1.0,0.71,0,2146,669,0,0,5.632,
10,muse-spark-1.3,bare,fqa-xf-nationality-pages,mf-join-groupby,1,1.0,0.8,0,370,585,0,0,5.628,
10,muse-spark-1.3,bare,fqa-xf-run-goal,mf-doc-join,0,0.0,0.3,0,1519,1024,0,0,6.646,
10,muse-spark-1.3,bare,fqa-xf-sleep-screen,mf-join-aggregate,0,0.0,0.3,0,5639,1024,0,0,5.601,
10,muse-spark-1.3,fella,fqa-contacts-close-count,cat-filter,1,1.0,0.8,0,4325,664,1,0,6.853,
10,muse-spark-1.3,fella,fqa-contacts-countries,distinct-count,1,1.0,0.8,0,4683,656,1,0,6.325,
10,muse-spark-1.3,fella,fqa-contacts-out-of-touch,text-max,1,1.0,0.8,0,4363,740,1,0,7.466,
10,muse-spark-1.3,fella,fqa-fin-avg-month-2024,num-avg,1,1.0,0.8,0,4756,1043,1,0,11.966,
10,muse-spark-1.3,fella,fqa-fin-groceries-delta,num-multistep,1,1.0,0.8,0,6628,1737,2,0,18.925,
10,muse-spark-1.3,fella,fqa-fin-peak-month-2024,temporal-max,1,1.0,0.8,0,4910,808,1,0,7.901,
10,muse-spark-1.3,fella,fqa-fin-q1-2024,num-filter,1,1.0,0.8,0,4401,669,1,0,6.644,
10,muse-spark-1.3,fella,fqa-fin-rent-2024,num-filter,1,1.0,0.8,0,4381,561,1,0,6.599,
10,muse-spark-1.3,fella,fqa-fin-second-cat,cat-rank,1,1.0,0.8,0,4373,708,1,0,6.309,
10,muse-spark-1.3,fella,fqa-fin-top-cat,cat-groupby,1,1.0,0.8,0,4355,659,1,0,7.246,
10,muse-spark-1.3,fella,fqa-fin-total-2024,num-aggregate,1,1.0,0.8,0,4339,639,1,0,5.873,
10,muse-spark-1.3,fella,fqa-fin-yoy,num-multistep,1,1.0,0.8,2,8360,2115,2,0,27.97,
10,muse-spark-1.3,fella,fqa-fit-avg-session,num-avg,1,1.0,0.8,0,4351,636,1,0,7.515,
10,muse-spark-1.3,fella,fqa-fit-distinct-activities,distinct-count,1,1.0,0.8,0,4365,571,1,0,7.627,
10,muse-spark-1.3,fella,fqa-fit-longest,num-max,1,1.0,0.75,0,4389,618,1,0,6.289,
10,muse-spark-1.3,fella,fqa-fit-run-count,num-filter,1,1.0,0.8,0,4340,467,1,0,5.022,
10,muse-spark-1.3,fella,fqa-fit-run-km,num-filter,1,1.0,0.8,0,4361,616,1,0,6.371,
10,muse-spark-1.3,fella,fqa-fit-top-activity,cat-groupby,1,1.0,0.8,0,4389,581,1,0,5.946,
10,muse-spark-1.3,fella,fqa-fit-total-distance,num-aggregate,1,1.0,0.8,0,4803,495,1,0,5.125,
10,muse-spark-1.3,fella,fqa-fit-total-min,num-aggregate,1,1.0,0.8,0,4337,524,1,0,5.3,
10,muse-spark-1.3,fella,fqa-goals-most-behind,text-lookup,1,1.0,0.8,0,4129,551,1,0,6.302,
10,muse-spark-1.3,fella,fqa-jrnl-apr19,text-lookup,1,1.0,0.8,0,4198,452,1,0,4.782,
10,muse-spark-1.3,fella,fqa-jrnl-entries,text-count,1,0.6667,0.6333,0,4543,1079,1,0,10.786,
10,muse-spark-1.3,fella,fqa-jrnl-kyoto,text-search,1,1.0,0.8,0,4187,594,1,0,5.39,
10,muse-spark-1.3,fella,fqa-jrnl-stressed,text-count,1,1.0,0.8,0,6528,1885,2,0,18.499,
10,muse-spark-1.3,fella,fqa-mf-most-over-budget,mf-join-compare,0,0.3333,0.8,0,4709,1168,1,0,12.226,
10,muse-spark-1.3,fella,fqa-mf-pages-british,mf-join-aggregate,1,1.0,0.8,0,4776,664,1,0,7.938,
10,muse-spark-1.3,fella,fqa-mf-rent-vs-budget,mf-join-compare,1,1.0,0.8,0,4710,894,1,0,9.261,
10,muse-spark-1.3,fella,fqa-mf-run-days-minutes,mf-doc-join,1,1.0,0.8,0,7190,1081,2,0,11.066,
10,muse-spark-1.3,fella,fqa-notool,no-tool,1,1.0,0.8,0,1944,231,0,0,2.695,
10,muse-spark-1.3,fella,fqa-pdf-deposit,text-lookup,1,1.0,0.8,0,4098,452,1,0,5.158,
10,muse-spark-1.3,fella,fqa-pdf-parking,text-lookup,1,1.0,0.8,0,4467,438,1,0,6.031,
10,muse-spark-1.3,fella,fqa-pdf-rent,text-lookup,1,1.0,0.8,0,4096,398,1,0,4.065,
10,muse-spark-1.3,fella,fqa-read-avg-rating,num-avg,1,1.0,0.8,0,4513,582,1,0,22.792,
10,muse-spark-1.3,fella,fqa-read-finished-count,bool-filter,1,1.0,0.8,0,4478,580,1,0,5.615,
10,muse-spark-1.3,fella,fqa-read-finished-pages,num-aggregate,1,1.0,0.8,0,4524,601,1,0,16.5,
10,muse-spark-1.3,fella,fqa-read-genres,distinct-count,1,1.0,0.8,0,5036,663,1,0,6.931,
10,muse-spark-1.3,fella,fqa-read-longest,text-max,1,1.0,0.8,0,4519,533,1,0,5.155,
10,muse-spark-1.3,fella,fqa-read-rated5,num-filter,1,1.0,0.65,0,4373,522,1,1,5.278,
10,muse-spark-1.3,fella,fqa-read-top-genre-pages,cat-groupby,1,1.0,0.8,0,4585,568,1,0,7.013,
10,muse-spark-1.3,fella,fqa-read-unfinished,text-list,1,1.0,0.8,0,4504,581,1,0,7.207,
10,muse-spark-1.3,fella,fqa-refusal,refusal,0,0.3333,0.8,0,3007,1252,0,0,10.676,
10,muse-spark-1.3,fella,fqa-screen-days-over-150,num-filter,1,1.0,0.75,0,4216,531,1,1,5.315,
10,muse-spark-1.3,fella,fqa-screen-second-app,cat-rank,1,1.0,0.8,0,4769,723,1,0,6.791,
10,muse-spark-1.3,fella,fqa-screen-top-app,cat-groupby,1,1.0,0.8,0,4342,515,1,0,5.764,
10,muse-spark-1.3,fella,fqa-screen-total,num-aggregate,1,1.0,0.8,0,4304,543,1,0,6.136,
10,muse-spark-1.3,fella,fqa-sleep-at-least-8,num-filter,1,1.0,0.8,0,4318,499,1,0,5.78,
10,muse-spark-1.3,fella,fqa-sleep-avg-hours,num-avg,1,1.0,0.8,0,4298,803,1,0,8.073,
10,muse-spark-1.3,fella,fqa-subs-active-cost,num-filter,1,1.0,0.8,0,4356,1047,1,0,11.719,
10,muse-spark-1.3,fella,fqa-subs-cheapest,text-min,1,1.0,0.8,0,4716,605,1,0,6.561,
10,muse-spark-1.3,fella,fqa-subs-inactive-count,num-filter,1,1.0,0.8,0,4312,467,1,0,4.548,
10,muse-spark-1.3,fella,fqa-subs-top-category,cat-groupby,1,1.0,0.8,0,4413,664,1,0,6.312,
10,muse-spark-1.3,fella,fqa-trip-avg-nights,num-avg,1,1.0,0.8,0,4316,672,1,0,6.452,
10,muse-spark-1.3,fella,fqa-trip-countries,distinct-count,1,1.0,0.8,0,4307,467,1,0,5.442,
10,muse-spark-1.3,fella,fqa-trip-leisure-nights,cat-filter,1,1.0,0.8,0,4355,603,1,0,7.507,
10,muse-spark-1.3,fella,fqa-trip-longest,text-max,1,1.0,0.8,0,4682,618,1,0,6.584,
10,muse-spark-1.3,fella,fqa-trip-total-nights,num-aggregate,1,1.0,0.8,0,4311,484,1,0,4.488,
10,muse-spark-1.3,fella,fqa-xf-contacts-nights,mf-join-aggregate,1,1.0,0.8,1,6082,939,1,0,9.198,
10,muse-spark-1.3,fella,fqa-xf-contacts-visited,mf-join-filter,1,1.0,0.8,0,4703,748,1,0,7.74,
10,muse-spark-1.3,fella,fqa-xf-dining-cap-months,mf-doc-join,1,1.0,0.8,0,6692,1070,1,0,10.112,
10,muse-spark-1.3,fella,fqa-xf-lease-vs-spend,mf-doc-join,1,1.0,0.8,0,7103,1818,2,0,29.218,
10,muse-spark-1.3,fella,fqa-xf-nationality-pages,mf-join-groupby,1,1.0,0.8,0,4795,862,1,0,9.215,
10,muse-spark-1.3,fella,fqa-xf-run-goal,mf-doc-join,1,1.0,0.8,2,8880,1751,2,0,19.005,
10,muse-spark-1.3,fella,fqa-xf-sleep-screen,mf-join-aggregate,1,1.0,0.8,0,4691,756,1,0,8.41,
11,grok-4.3,bare,fqa-contacts-close-count,cat-filter,1,1.0,0.71,0,515,212,0,0,2.879,
11,grok-4.3,bare,fqa-contacts-countries,distinct-count,1,1.0,0.71,0,1289,160,0,0,1.355,
11,grok-4.3,bare,fqa-contacts-out-of-touch,text-max,1,1.0,0.8,0,512,158,0,0,2.991,
11,grok-4.3,bare,fqa-fin-avg-month-2024,num-avg,1,1.0,0.71,0,2665,1129,0,0,9.718,
11,grok-4.3,bare,fqa-fin-groceries-delta,num-multistep,1,1.0,0.71,0,1891,1116,0,0,11.294,
11,grok-4.3,bare,fqa-fin-peak-month-2024,temporal-max,1,1.0,0.8,0,2697,983,0,0,6.078,
11,grok-4.3,bare,fqa-fin-q1-2024,num-filter,1,1.0,0.71,0,1891,603,0,0,3.936,
11,grok-4.3,bare,fqa-fin-rent-2024,num-filter,1,1.0,0.71,0,1883,741,0,0,4.756,
11,grok-4.3,bare,fqa-fin-second-cat,cat-rank,1,1.0,0.8,0,1885,895,0,0,6.57,
11,grok-4.3,bare,fqa-fin-top-cat,cat-groupby,1,1.0,0.8,0,1883,284,0,0,2.883,
11,grok-4.3,bare,fqa-fin-total-2024,num-aggregate,1,1.0,0.71,0,1883,1220,0,0,7.463,
11,grok-4.3,bare,fqa-fin-yoy,num-multistep,1,1.0,0.71,0,1894,2010,0,0,16.858,
11,grok-4.3,bare,fqa-fit-avg-session,num-avg,1,1.0,0.71,0,1582,1733,0,0,25.371,
11,grok-4.3,bare,fqa-fit-distinct-activities,distinct-count,1,1.0,0.71,0,1582,216,0,0,6.057,
11,grok-4.3,bare,fqa-fit-longest,num-max,1,1.0,0.71,0,1580,1136,0,0,16.997,
11,grok-4.3,bare,fqa-fit-run-count,num-filter,1,1.0,0.71,0,1579,524,0,0,3.933,
11,grok-4.3,bare,fqa-fit-run-km,num-filter,1,1.0,0.71,0,1579,1151,0,0,11.461,
11,grok-4.3,bare,fqa-fit-top-activity,cat-groupby,1,1.0,0.8,0,1580,1389,0,0,14.291,
11,grok-4.3,bare,fqa-fit-total-distance,num-aggregate,1,0.6667,0.5733,0,1575,1077,0,0,44.955,bare: the model connection dropped mid-reply: error decoding response body
11,grok-4.3,bare,fqa-fit-total-min,num-aggregate,1,1.0,0.71,0,1580,1729,0,0,14.565,
11,grok-4.3,bare,fqa-goals-most-behind,text-lookup,1,1.0,0.8,0,373,222,0,0,2.589,
11,grok-4.3,bare,fqa-jrnl-apr19,text-lookup,1,1.0,0.8,0,433,307,0,0,2.927,
11,grok-4.3,bare,fqa-jrnl-entries,text-count,1,1.0,0.71,0,1202,317,0,0,2.351,
11,grok-4.3,bare,fqa-jrnl-kyoto,text-search,1,1.0,0.8,0,428,318,0,0,2.639,
11,grok-4.3,bare,fqa-jrnl-stressed,text-count,1,1.0,0.71,0,430,212,0,0,2.19,
11,grok-4.3,bare,fqa-mf-most-over-budget,mf-join-compare,1,1.0,0.8,0,1945,1366,0,0,10.04,
11,grok-4.3,bare,fqa-mf-pages-british,mf-join-aggregate,1,1.0,0.71,0,550,234,0,0,3.414,
11,grok-4.3,bare,fqa-mf-rent-vs-budget,mf-join-compare,1,1.0,0.71,0,1933,727,0,0,4.892,
11,grok-4.3,bare,fqa-mf-run-days-minutes,mf-doc-join,1,1.0,0.71,0,1759,630,0,0,5.521,
11,grok-4.3,bare,fqa-notool,no-tool,1,1.0,0.8,0,261,341,0,0,2.666,
11,grok-4.3,bare,fqa-pdf-deposit,text-lookup,1,1.0,0.71,0,670,277,0,0,2.352,
11,grok-4.3,bare,fqa-pdf-parking,text-lookup,1,1.0,0.71,0,1449,227,0,0,19.695,
11,grok-4.3,bare,fqa-pdf-rent,text-lookup,1,1.0,0.71,0,669,254,0,0,10.502,
11,grok-4.3,bare,fqa-read-avg-rating,num-avg,1,1.0,0.71,0,474,307,0,0,2.513,
11,grok-4.3,bare,fqa-read-finished-count,bool-filter,1,0.6667,0.5733,0,313,136,0,0,38.137,
11,grok-4.3,bare,fqa-read-finished-pages,num-aggregate,1,1.0,0.71,0,477,230,0,0,5.587,
11,grok-4.3,bare,fqa-read-genres,distinct-count,1,1.0,0.71,0,1313,204,0,0,2.533,
11,grok-4.3,bare,fqa-read-longest,text-max,1,1.0,0.8,0,476,296,0,0,6.084,
11,grok-4.3,bare,fqa-read-rated5,num-filter,1,1.0,0.71,0,472,230,0,0,2.046,
11,grok-4.3,bare,fqa-read-top-genre-pages,cat-groupby,1,1.0,0.8,0,479,286,0,0,2.927,
11,grok-4.3,bare,fqa-read-unfinished,text-list,1,1.0,0.8,0,474,210,0,0,5.584,
11,grok-4.3,bare,fqa-refusal,refusal,1,1.0,0.8,0,478,348,0,0,2.776,
11,grok-4.3,bare,fqa-screen-days-over-150,num-filter,1,0.6667,0.5733,0,2869,1894,0,0,24.288,
11,grok-4.3,bare,fqa-screen-second-app,cat-rank,1,1.0,0.8,0,5074,2580,0,0,20.148,
11,grok-4.3,bare,fqa-screen-top-app,cat-groupby,1,1.0,0.8,0,4296,2351,0,0,16.55,
11,grok-4.3,bare,fqa-screen-total,num-aggregate,1,1.0,0.71,0,4298,3372,0,0,33.621,
11,grok-4.3,bare,fqa-sleep-at-least-8,num-filter,1,1.0,0.71,0,1772,671,0,0,3.722,
11,grok-4.3,bare,fqa-sleep-avg-hours,num-avg,1,1.0,0.71,0,1770,1799,0,0,10.928,
11,grok-4.3,bare,fqa-subs-active-cost,num-filter,0,0.0,0.3,0,282,282,0,0,6.24,
11,grok-4.3,bare,fqa-subs-cheapest,text-min,0,0.0,0.8,0,1054,291,0,0,2.894,
11,grok-4.3,bare,fqa-subs-inactive-count,num-filter,0,0.0,0.3,0,278,290,0,0,6.501,
11,grok-4.3,bare,fqa-subs-top-category,cat-groupby,0,0.0,0.8,0,286,254,0,0,5.865,
11,grok-4.3,bare,fqa-trip-avg-nights,num-avg,0,0.0,0.0,0,344,598,0,0,7.588,
11,grok-4.3,bare,fqa-trip-countries,distinct-count,1,1.0,0.71,0,340,140,0,0,4.718,
11,grok-4.3,bare,fqa-trip-leisure-nights,cat-filter,1,1.0,0.71,0,345,287,0,0,2.175,
11,grok-4.3,bare,fqa-trip-longest,text-max,1,1.0,0.8,0,1115,225,0,0,5.855,
11,grok-4.3,bare,fqa-trip-total-nights,num-aggregate,1,1.0,0.71,0,342,180,0,0,4.405,
11,grok-4.3,bare,fqa-xf-contacts-nights,mf-join-aggregate,1,1.0,0.71,0,1391,393,0,0,2.982,
11,grok-4.3,bare,fqa-xf-contacts-visited,mf-join-filter,1,1.0,0.8,0,601,288,0,0,2.585,
11,grok-4.3,bare,fqa-xf-dining-cap-months,mf-doc-join,1,1.0,0.71,0,2011,383,0,0,3.596,
11,grok-4.3,bare,fqa-xf-lease-vs-spend,mf-doc-join,1,1.0,0.71,0,2326,910,0,0,5.48,
11,grok-4.3,bare,fqa-xf-nationality-pages,mf-join-groupby,1,1.0,0.8,0,546,448,0,0,3.749,
11,grok-4.3,bare,fqa-xf-run-goal,mf-doc-join,1,1.0,0.71,0,1701,1262,0,0,13.501,
11,grok-4.3,bare,fqa-xf-sleep-screen,mf-join-aggregate,1,1.0,0.71,0,5821,1651,0,0,10.149,
11,grok-4.3,fella,fqa-contacts-close-count,cat-filter,1,1.0,0.8,0,3744,329,1,0,5.345,
11,grok-4.3,fella,fqa-contacts-countries,distinct-count,1,1.0,0.8,0,4097,269,1,0,13.818,
11,grok-4.3,fella,fqa-contacts-out-of-touch,text-max,1,1.0,0.8,0,3755,292,1,0,3.285,
11,grok-4.3,fella,fqa-fin-avg-month-2024,num-avg,1,1.0,0.8,0,4192,250,1,0,3.218,
11,grok-4.3,fella,fqa-fin-groceries-delta,num-multistep,1,1.0,0.74,0,3665,443,1,1,5.268,
11,grok-4.3,fella,fqa-fin-peak-month-2024,temporal-max,1,1.0,0.8,0,4328,304,1,0,3.946,
11,grok-4.3,fella,fqa-fin-q1-2024,num-filter,1,1.0,0.8,0,3824,293,1,0,3.247,
11,grok-4.3,fella,fqa-fin-rent-2024,num-filter,1,1.0,0.8,0,3799,256,1,0,7.805,
11,grok-4.3,fella,fqa-fin-second-cat,cat-rank,1,1.0,0.8,0,3814,360,1,0,32.808,
11,grok-4.3,fella,fqa-fin-top-cat,cat-groupby,1,1.0,0.8,0,3780,259,1,0,14.704,
11,grok-4.3,fella,fqa-fin-total-2024,num-aggregate,1,1.0,0.8,0,3776,269,1,0,3.474,
11,grok-4.3,fella,fqa-fin-yoy,num-multistep,1,1.0,0.74,0,3656,374,1,1,4.833,
11,grok-4.3,fella,fqa-fit-avg-session,num-avg,1,1.0,0.8,0,3771,375,1,0,13.475,
11,grok-4.3,fella,fqa-fit-distinct-activities,distinct-count,1,1.0,0.8,0,3786,192,1,0,2.536,
11,grok-4.3,fella,fqa-fit-longest,num-max,1,1.0,0.725,0,3806,278,1,0,5.009,
11,grok-4.3,fella,fqa-fit-run-count,num-filter,1,1.0,0.8,0,3765,243,1,0,7.512,
11,grok-4.3,fella,fqa-fit-run-km,num-filter,1,1.0,0.8,0,3785,221,1,0,16.888,
11,grok-4.3,fella,fqa-fit-top-activity,cat-groupby,1,1.0,0.8,0,3798,234,1,0,4.677,
11,grok-4.3,fella,fqa-fit-total-distance,num-aggregate,1,1.0,0.8,0,4216,243,1,0,4.261,
11,grok-4.3,fella,fqa-fit-total-min,num-aggregate,1,1.0,0.8,0,3752,210,1,0,7.653,
11,grok-4.3,fella,fqa-goals-most-behind,text-lookup,1,1.0,0.8,0,3541,178,1,0,2.539,
11,grok-4.3,fella,fqa-jrnl-apr19,text-lookup,1,1.0,0.8,0,3611,238,1,0,3.302,
11,grok-4.3,fella,fqa-jrnl-entries,text-count,1,1.0,0.8,0,3952,176,1,0,4.568,
11,grok-4.3,fella,fqa-jrnl-kyoto,text-search,1,1.0,0.7,0,3540,323,1,0,4.24,
11,grok-4.3,fella,fqa-jrnl-stressed,text-count,1,1.0,0.8,0,4809,270,1,0,4.117,
11,grok-4.3,fella,fqa-mf-most-over-budget,mf-join-compare,1,1.0,0.8,0,4229,355,1,0,3.539,
11,grok-4.3,fella,fqa-mf-pages-british,mf-join-aggregate,1,1.0,0.8,0,4192,256,1,0,3.709,
11,grok-4.3,fella,fqa-mf-rent-vs-budget,mf-join-compare,1,1.0,0.8,0,4134,382,1,0,3.757,
11,grok-4.3,fella,fqa-mf-run-days-minutes,mf-doc-join,1,1.0,0.8,0,6196,309,2,0,4.552,
11,grok-4.3,fella,fqa-notool,no-tool,1,1.0,0.8,0,1681,261,0,0,2.542,
11,grok-4.3,fella,fqa-pdf-deposit,text-lookup,1,1.0,0.8,0,3510,169,1,0,7.648,
11,grok-4.3,fella,fqa-pdf-parking,text-lookup,1,1.0,0.8,0,4002,227,1,0,6.529,
11,grok-4.3,fella,fqa-pdf-rent,text-lookup,1,1.0,0.8,0,3508,148,1,0,5.791,
11,grok-4.3,fella,fqa-read-avg-rating,num-avg,1,1.0,0.8,0,3927,225,1,0,2.838,
11,grok-4.3,fella,fqa-read-finished-count,bool-filter,1,1.0,0.8,0,3904,209,1,0,8.801,
11,grok-4.3,fella,fqa-read-finished-pages,num-aggregate,1,1.0,0.8,0,3931,270,1,0,4.513,
11,grok-4.3,fella,fqa-read-genres,distinct-count,1,1.0,0.8,0,4448,260,1,0,5.911,
11,grok-4.3,fella,fqa-read-longest,text-max,1,1.0,0.8,0,3944,281,1,0,4.507,
11,grok-4.3,fella,fqa-read-rated5,num-filter,1,1.0,0.75,0,3915,292,1,1,7.886,
11,grok-4.3,fella,fqa-read-top-genre-pages,cat-groupby,1,1.0,0.8,0,3999,254,1,0,22.728,
11,grok-4.3,fella,fqa-read-unfinished,text-list,1,1.0,0.8,0,3934,278,1,0,3.61,
11,grok-4.3,fella,fqa-refusal,refusal,1,1.0,0.8,0,1958,316,0,0,3.948,
11,grok-4.3,fella,fqa-screen-days-over-150,num-filter,1,1.0,0.8,0,3631,187,1,0,7.147,
11,grok-4.3,fella,fqa-screen-second-app,cat-rank,1,1.0,0.8,0,4190,275,1,0,9.004,
11,grok-4.3,fella,fqa-screen-top-app,cat-groupby,1,1.0,0.8,0,3751,222,1,0,2.746,
11,grok-4.3,fella,fqa-screen-total,num-aggregate,1,1.0,0.8,0,3711,230,1,0,7.397,
11,grok-4.3,fella,fqa-sleep-at-least-8,num-filter,1,1.0,0.8,0,3743,229,1,0,4.45,
11,grok-4.3,fella,fqa-sleep-avg-hours,num-avg,1,1.0,0.8,0,3716,417,1,0,4.317,
11,grok-4.3,fella,fqa-subs-active-cost,num-filter,1,1.0,0.8,0,3779,251,1,0,3.346,
11,grok-4.3,fella,fqa-subs-cheapest,text-min,1,1.0,0.8,0,4129,220,1,0,2.768,
11,grok-4.3,fella,fqa-subs-inactive-count,num-filter,1,1.0,0.8,0,3744,182,1,0,2.67,
11,grok-4.3,fella,fqa-subs-top-category,cat-groupby,1,1.0,0.8,0,3822,300,1,0,12.336,
11,grok-4.3,fella,fqa-trip-avg-nights,num-avg,1,1.0,0.8,0,3740,296,1,0,4.221,
11,grok-4.3,fella,fqa-trip-countries,distinct-count,1,1.0,0.8,0,3725,202,1,0,6.214,
11,grok-4.3,fella,fqa-trip-leisure-nights,cat-filter,1,1.0,0.8,0,3764,347,1,0,3.757,
11,grok-4.3,fella,fqa-trip-longest,text-max,1,1.0,0.8,0,4100,221,1,0,2.664,
11,grok-4.3,fella,fqa-trip-total-nights,num-aggregate,1,1.0,0.8,0,3733,258,1,0,5.061,
11,grok-4.3,fella,fqa-xf-contacts-nights,mf-join-aggregate,1,1.0,0.8,0,4453,299,1,0,8.851,
11,grok-4.3,fella,fqa-xf-contacts-visited,mf-join-filter,1,1.0,0.8,0,4170,316,1,0,4.772,
11,grok-4.3,fella,fqa-xf-dining-cap-months,mf-doc-join,1,1.0,0.8,0,6090,248,2,0,3.567,
11,grok-4.3,fella,fqa-xf-lease-vs-spend,mf-doc-join,1,1.0,0.6,0,5792,314,2,1,12.588,
11,grok-4.3,fella,fqa-xf-nationality-pages,mf-join-groupby,1,1.0,0.8,0,4214,299,1,0,4.853,
11,grok-4.3,fella,fqa-xf-run-goal,mf-doc-join,1,1.0,0.55,0,5801,231,2,1,3.498,
11,grok-4.3,fella,fqa-xf-sleep-screen,mf-join-aggregate,1,1.0,0.8,0,4118,377,1,0,4.207,
